dataset,model,n_omics,omic_combination,balanced_accuracy,macro_f1,accuracy,mcc,n_units
TCGA-BRCA,integrao,1,cnv,0.461 +/- 0.016,0.410 +/- 0.017,0.531 +/- 0.017,0.244 +/- 0.018,3
TCGA-BRCA,integrao,1,dnam,0.598 +/- 0.007,0.589 +/- 0.008,0.623 +/- 0.010,0.448 +/- 0.006,3
TCGA-BRCA,integrao,1,mirna,0.739 +/- 0.004,0.717 +/- 0.002,0.750 +/- 0.004,0.625 +/- 0.005,3
TCGA-BRCA,integrao,1,mrna,0.789 +/- 0.004,0.767 +/- 0.008,0.778 +/- 0.008,0.668 +/- 0.010,3
TCGA-BRCA,integrao,1,rppa,0.701 +/- 0.009,0.682 +/- 0.006,0.701 +/- 0.001,0.564 +/- 0.005,3
TCGA-BRCA,integrao,2,dnam+cnv,0.672 +/- 0.011,0.638 +/- 0.010,0.665 +/- 0.008,0.501 +/- 0.011,3
TCGA-BRCA,integrao,2,dnam+mirna,0.791 +/- 0.006,0.766 +/- 0.005,0.787 +/- 0.004,0.678 +/- 0.005,3
TCGA-BRCA,integrao,2,dnam+rppa,0.792 +/- 0.004,0.769 +/- 0.003,0.779 +/- 0.002,0.667 +/- 0.004,3
TCGA-BRCA,integrao,2,mirna+cnv,0.708 +/- 0.017,0.674 +/- 0.013,0.710 +/- 0.011,0.568 +/- 0.016,3
TCGA-BRCA,integrao,2,mrna+cnv,0.749 +/- 0.007,0.715 +/- 0.006,0.735 +/- 0.002,0.606 +/- 0.003,3
TCGA-BRCA,integrao,2,mrna+dnam,0.828 +/- 0.006,0.802 +/- 0.004,0.809 +/- 0.003,0.715 +/- 0.006,3
TCGA-BRCA,integrao,2,mrna+mirna,0.835 +/- 0.004,0.809 +/- 0.004,0.824 +/- 0.002,0.736 +/- 0.003,3
TCGA-BRCA,integrao,2,mrna+rppa,0.851 +/- 0.003,0.826 +/- 0.003,0.833 +/- 0.003,0.748 +/- 0.005,3
TCGA-BRCA,integrao,2,rppa+cnv,0.680 +/- 0.003,0.650 +/- 0.005,0.687 +/- 0.006,0.533 +/- 0.008,3
TCGA-BRCA,integrao,2,rppa+mirna,0.823 +/- 0.002,0.799 +/- 0.005,0.818 +/- 0.004,0.724 +/- 0.006,3
TCGA-BRCA,integrao,3,dnam+mirna+cnv,0.786 +/- 0.006,0.758 +/- 0.005,0.775 +/- 0.002,0.663 +/- 0.002,3
TCGA-BRCA,integrao,3,dnam+rppa+cnv,0.777 +/- 0.009,0.754 +/- 0.011,0.771 +/- 0.009,0.653 +/- 0.013,3
TCGA-BRCA,integrao,3,dnam+rppa+mirna,0.841 +/- 0.006,0.819 +/- 0.005,0.830 +/- 0.006,0.742 +/- 0.009,3
TCGA-BRCA,integrao,3,mrna+dnam+cnv,0.814 +/- 0.003,0.786 +/- 0.002,0.791 +/- 0.002,0.689 +/- 0.003,3
TCGA-BRCA,integrao,3,mrna+dnam+mirna,0.844 +/- 0.004,0.819 +/- 0.005,0.830 +/- 0.005,0.744 +/- 0.006,3
TCGA-BRCA,integrao,3,mrna+dnam+rppa,0.855 +/- 0.005,0.833 +/- 0.004,0.836 +/- 0.003,0.753 +/- 0.005,3
TCGA-BRCA,integrao,3,mrna+mirna+cnv,0.811 +/- 0.004,0.777 +/- 0.005,0.795 +/- 0.004,0.693 +/- 0.006,3
TCGA-BRCA,integrao,3,mrna+rppa+cnv,0.804 +/- 0.005,0.775 +/- 0.002,0.789 +/- 0.001,0.684 +/- 0.002,3
TCGA-BRCA,integrao,3,mrna+rppa+mirna,0.861 +/- 0.007,0.837 +/- 0.008,0.846 +/- 0.007,0.768 +/- 0.010,3
TCGA-BRCA,integrao,3,rppa+mirna+cnv,0.789 +/- 0.009,0.759 +/- 0.007,0.788 +/- 0.010,0.680 +/- 0.015,3
TCGA-BRCA,integrao,4,dnam+rppa+mirna+cnv,0.830 +/- 0.005,0.806 +/- 0.005,0.819 +/- 0.005,0.726 +/- 0.008,3
TCGA-BRCA,integrao,4,mrna+dnam+mirna+cnv,0.839 +/- 0.001,0.812 +/- 0.004,0.820 +/- 0.004,0.730 +/- 0.004,3
TCGA-BRCA,integrao,4,mrna+dnam+rppa+cnv,0.838 +/- 0.005,0.812 +/- 0.005,0.817 +/- 0.007,0.725 +/- 0.010,3
TCGA-BRCA,integrao,4,mrna+dnam+rppa+mirna,0.865 +/- 0.009,0.843 +/- 0.006,0.848 +/- 0.006,0.770 +/- 0.010,3
TCGA-BRCA,integrao,4,mrna+rppa+mirna+cnv,0.843 +/- 0.004,0.813 +/- 0.005,0.826 +/- 0.006,0.738 +/- 0.008,3
TCGA-BRCA,integrao,5,mrna+dnam+rppa+mirna+cnv,0.851 +/- 0.004,0.826 +/- 0.006,0.834 +/- 0.006,0.750 +/- 0.008,3
TCGA-BRCA,logreg_early,1,cnv,0.520 +/- 0.012,0.507 +/- 0.013,0.570 +/- 0.008,0.330 +/- 0.018,3
TCGA-BRCA,logreg_early,1,dnam,0.571 +/- 0.005,0.563 +/- 0.015,0.604 +/- 0.014,0.411 +/- 0.018,3
TCGA-BRCA,logreg_early,1,mirna,0.735 +/- 0.012,0.709 +/- 0.014,0.745 +/- 0.012,0.620 +/- 0.017,3
TCGA-BRCA,logreg_early,1,mrna,0.785 +/- 0.010,0.768 +/- 0.007,0.792 +/- 0.005,0.679 +/- 0.007,3
TCGA-BRCA,logreg_early,1,rppa,0.716 +/- 0.008,0.724 +/- 0.006,0.756 +/- 0.004,0.609 +/- 0.008,3
TCGA-BRCA,logreg_early,2,dnam+cnv,0.661 +/- 0.011,0.649 +/- 0.009,0.678 +/- 0.006,0.505 +/- 0.008,3
TCGA-BRCA,logreg_early,2,dnam+mirna,0.766 +/- 0.009,0.748 +/- 0.005,0.773 +/- 0.005,0.652 +/- 0.008,3
TCGA-BRCA,logreg_early,2,dnam+rppa,0.778 +/- 0.001,0.774 +/- 0.002,0.789 +/- 0.003,0.669 +/- 0.005,3
TCGA-BRCA,logreg_early,2,mirna+cnv,0.767 +/- 0.008,0.747 +/- 0.010,0.785 +/- 0.008,0.669 +/- 0.013,3
TCGA-BRCA,logreg_early,2,mrna+cnv,0.807 +/- 0.010,0.787 +/- 0.011,0.808 +/- 0.008,0.706 +/- 0.012,3
TCGA-BRCA,logreg_early,2,mrna+dnam,0.822 +/- 0.011,0.814 +/- 0.006,0.827 +/- 0.003,0.731 +/- 0.007,3
TCGA-BRCA,logreg_early,2,mrna+mirna,0.819 +/- 0.007,0.815 +/- 0.008,0.832 +/- 0.008,0.737 +/- 0.011,3
TCGA-BRCA,logreg_early,2,mrna+rppa,0.843 +/- 0.017,0.839 +/- 0.015,0.852 +/- 0.014,0.769 +/- 0.021,3
TCGA-BRCA,logreg_early,2,rppa+cnv,0.740 +/- 0.005,0.729 +/- 0.007,0.759 +/- 0.007,0.625 +/- 0.012,3
TCGA-BRCA,logreg_early,2,rppa+mirna,0.806 +/- 0.013,0.799 +/- 0.015,0.820 +/- 0.010,0.720 +/- 0.016,3
TCGA-BRCA,logreg_early,3,dnam+mirna+cnv,0.766 +/- 0.014,0.751 +/- 0.016,0.780 +/- 0.013,0.662 +/- 0.019,3
TCGA-BRCA,logreg_early,3,dnam+rppa+cnv,0.781 +/- 0.003,0.775 +/- 0.005,0.793 +/- 0.006,0.677 +/- 0.007,3
TCGA-BRCA,logreg_early,3,dnam+rppa+mirna,0.796 +/- 0.014,0.797 +/- 0.014,0.825 +/- 0.008,0.725 +/- 0.013,3
TCGA-BRCA,logreg_early,3,mrna+dnam+cnv,0.831 +/- 0.004,0.822 +/- 0.004,0.835 +/- 0.006,0.743 +/- 0.009,3
TCGA-BRCA,logreg_early,3,mrna+dnam+mirna,0.819 +/- 0.014,0.809 +/- 0.009,0.828 +/- 0.009,0.733 +/- 0.015,3
TCGA-BRCA,logreg_early,3,mrna+dnam+rppa,0.840 +/- 0.007,0.838 +/- 0.004,0.850 +/- 0.002,0.765 +/- 0.002,3
TCGA-BRCA,logreg_early,3,mrna+mirna+cnv,0.837 +/- 0.005,0.834 +/- 0.006,0.849 +/- 0.004,0.764 +/- 0.006,3
TCGA-BRCA,logreg_early,3,mrna+rppa+cnv,0.845 +/- 0.000,0.840 +/- 0.004,0.849 +/- 0.004,0.765 +/- 0.005,3
TCGA-BRCA,logreg_early,3,mrna+rppa+mirna,0.837 +/- 0.006,0.835 +/- 0.005,0.854 +/- 0.003,0.769 +/- 0.005,3
TCGA-BRCA,logreg_early,3,rppa+mirna+cnv,0.807 +/- 0.008,0.803 +/- 0.011,0.826 +/- 0.009,0.728 +/- 0.012,3
TCGA-BRCA,logreg_early,4,dnam+rppa+mirna+cnv,0.807 +/- 0.009,0.807 +/- 0.007,0.828 +/- 0.003,0.730 +/- 0.005,3
TCGA-BRCA,logreg_early,4,mrna+dnam+mirna+cnv,0.822 +/- 0.005,0.817 +/- 0.002,0.839 +/- 0.004,0.747 +/- 0.005,3
TCGA-BRCA,logreg_early,4,mrna+dnam+rppa+cnv,0.853 +/- 0.002,0.856 +/- 0.004,0.862 +/- 0.005,0.783 +/- 0.007,3
TCGA-BRCA,logreg_early,4,mrna+dnam+rppa+mirna,0.846 +/- 0.018,0.845 +/- 0.013,0.861 +/- 0.012,0.781 +/- 0.020,3
TCGA-BRCA,logreg_early,4,mrna+rppa+mirna+cnv,0.842 +/- 0.014,0.839 +/- 0.015,0.857 +/- 0.010,0.776 +/- 0.015,3
TCGA-BRCA,logreg_early,5,mrna+dnam+rppa+mirna+cnv,0.835 +/- 0.008,0.836 +/- 0.005,0.855 +/- 0.003,0.772 +/- 0.005,3
TCGA-BRCA,logreg_late,1,cnv,0.516 +/- 0.007,0.505 +/- 0.010,0.571 +/- 0.005,0.327 +/- 0.012,3
TCGA-BRCA,logreg_late,1,dnam,0.584 +/- 0.009,0.622 +/- 0.010,0.679 +/- 0.012,0.463 +/- 0.020,3
TCGA-BRCA,logreg_late,1,mirna,0.724 +/- 0.007,0.725 +/- 0.007,0.763 +/- 0.008,0.625 +/- 0.011,3
TCGA-BRCA,logreg_late,1,mrna,0.788 +/- 0.004,0.782 +/- 0.007,0.798 +/- 0.007,0.685 +/- 0.010,3
TCGA-BRCA,logreg_late,1,rppa,0.721 +/- 0.005,0.739 +/- 0.004,0.766 +/- 0.004,0.622 +/- 0.007,3
TCGA-BRCA,logreg_late,2,dnam+cnv,0.697 +/- 0.007,0.680 +/- 0.007,0.704 +/- 0.003,0.544 +/- 0.003,3
TCGA-BRCA,logreg_late,2,dnam+mirna,0.783 +/- 0.013,0.775 +/- 0.013,0.797 +/- 0.009,0.683 +/- 0.012,3
TCGA-BRCA,logreg_late,2,dnam+rppa,0.803 +/- 0.005,0.804 +/- 0.006,0.811 +/- 0.003,0.703 +/- 0.006,3
TCGA-BRCA,logreg_late,2,mirna+cnv,0.777 +/- 0.011,0.760 +/- 0.008,0.797 +/- 0.004,0.686 +/- 0.007,3
TCGA-BRCA,logreg_late,2,mrna+cnv,0.814 +/- 0.024,0.793 +/- 0.023,0.810 +/- 0.021,0.710 +/- 0.033,3
TCGA-BRCA,logreg_late,2,mrna+dnam,0.834 +/- 0.006,0.823 +/- 0.006,0.828 +/- 0.005,0.737 +/- 0.008,3
TCGA-BRCA,logreg_late,2,mrna+mirna,0.841 +/- 0.005,0.828 +/- 0.006,0.842 +/- 0.005,0.757 +/- 0.009,3
TCGA-BRCA,logreg_late,2,mrna+rppa,0.848 +/- 0.002,0.842 +/- 0.003,0.851 +/- 0.001,0.769 +/- 0.003,3
TCGA-BRCA,logreg_late,2,rppa+cnv,0.754 +/- 0.006,0.734 +/- 0.005,0.762 +/- 0.005,0.634 +/- 0.008,3
TCGA-BRCA,logreg_late,2,rppa+mirna,0.811 +/- 0.002,0.806 +/- 0.006,0.829 +/- 0.003,0.734 +/- 0.005,3
TCGA-BRCA,logreg_late,3,dnam+mirna+cnv,0.800 +/- 0.012,0.785 +/- 0.012,0.807 +/- 0.011,0.702 +/- 0.016,3
TCGA-BRCA,logreg_late,3,dnam+rppa+cnv,0.815 +/- 0.007,0.800 +/- 0.004,0.812 +/- 0.004,0.709 +/- 0.007,3
TCGA-BRCA,logreg_late,3,dnam+rppa+mirna,0.839 +/- 0.014,0.830 +/- 0.012,0.843 +/- 0.008,0.757 +/- 0.013,3
TCGA-BRCA,logreg_late,3,mrna+dnam+cnv,0.836 +/- 0.008,0.821 +/- 0.007,0.833 +/- 0.010,0.744 +/- 0.016,3
TCGA-BRCA,logreg_late,3,mrna+dnam+mirna,0.854 +/- 0.003,0.843 +/- 0.003,0.853 +/- 0.001,0.773 +/- 0.002,3
TCGA-BRCA,logreg_late,3,mrna+dnam+rppa,0.866 +/- 0.011,0.859 +/- 0.008,0.864 +/- 0.004,0.790 +/- 0.007,3
TCGA-BRCA,logreg_late,3,mrna+mirna+cnv,0.849 +/- 0.006,0.833 +/- 0.004,0.850 +/- 0.003,0.770 +/- 0.004,3
TCGA-BRCA,logreg_late,3,mrna+rppa+cnv,0.849 +/- 0.006,0.837 +/- 0.004,0.856 +/- 0.003,0.775 +/- 0.005,3
TCGA-BRCA,logreg_late,3,mrna+rppa+mirna,0.850 +/- 0.010,0.843 +/- 0.011,0.860 +/- 0.006,0.783 +/- 0.010,3
TCGA-BRCA,logreg_late,3,rppa+mirna+cnv,0.827 +/- 0.004,0.813 +/- 0.005,0.835 +/- 0.007,0.745 +/- 0.010,3
TCGA-BRCA,logreg_late,4,dnam+rppa+mirna+cnv,0.843 +/- 0.014,0.831 +/- 0.014,0.844 +/- 0.012,0.759 +/- 0.020,3
TCGA-BRCA,logreg_late,4,mrna+dnam+mirna+cnv,0.850 +/- 0.007,0.838 +/- 0.007,0.849 +/- 0.002,0.766 +/- 0.004,3
TCGA-BRCA,logreg_late,4,mrna+dnam+rppa+cnv,0.857 +/- 0.005,0.846 +/- 0.003,0.857 +/- 0.003,0.779 +/- 0.005,3
TCGA-BRCA,logreg_late,4,mrna+dnam+rppa+mirna,0.871 +/- 0.010,0.864 +/- 0.007,0.873 +/- 0.008,0.803 +/- 0.013,3
TCGA-BRCA,logreg_late,4,mrna+rppa+mirna+cnv,0.867 +/- 0.003,0.855 +/- 0.001,0.872 +/- 0.003,0.802 +/- 0.004,3
TCGA-BRCA,logreg_late,5,mrna+dnam+rppa+mirna+cnv,0.869 +/- 0.006,0.856 +/- 0.004,0.870 +/- 0.007,0.798 +/- 0.011,3
TCGA-BRCA,mofa,1,cnv,0.510 +/- 0.013,0.501 +/- 0.007,0.565 +/- 0.008,0.322 +/- 0.021,3
TCGA-BRCA,mofa,1,dnam,0.360 +/- 0.014,0.282 +/- 0.012,0.381 +/- 0.011,0.154 +/- 0.012,3
TCGA-BRCA,mofa,1,mirna,0.725 +/- 0.007,0.684 +/- 0.005,0.723 +/- 0.003,0.602 +/- 0.005,3
TCGA-BRCA,mofa,1,mrna,0.516 +/- 0.166,0.453 +/- 0.186,0.493 +/- 0.182,0.325 +/- 0.202,3
TCGA-BRCA,mofa,1,rppa,0.288 +/- 0.017,0.185 +/- 0.015,0.224 +/- 0.006,0.039 +/- 0.020,3
TCGA-BRCA,mofa,2,dnam+cnv,0.527 +/- 0.052,0.510 +/- 0.056,0.579 +/- 0.074,0.383 +/- 0.075,3
TCGA-BRCA,mofa,2,dnam+mirna,0.734 +/- 0.020,0.677 +/- 0.016,0.715 +/- 0.012,0.595 +/- 0.017,3
TCGA-BRCA,mofa,2,dnam+rppa,0.452 +/- 0.041,0.340 +/- 0.055,0.361 +/- 0.061,0.234 +/- 0.057,3
TCGA-BRCA,mofa,2,mirna+cnv,0.716 +/- 0.009,0.687 +/- 0.008,0.732 +/- 0.009,0.595 +/- 0.013,3
TCGA-BRCA,mofa,2,mrna+cnv,0.771 +/- 0.009,0.740 +/- 0.007,0.743 +/- 0.002,0.623 +/- 0.005,3
TCGA-BRCA,mofa,2,mrna+dnam,0.674 +/- 0.020,0.629 +/- 0.020,0.665 +/- 0.017,0.520 +/- 0.017,3
TCGA-BRCA,mofa,2,mrna+mirna,0.809 +/- 0.012,0.773 +/- 0.017,0.788 +/- 0.010,0.686 +/- 0.016,3
TCGA-BRCA,mofa,2,mrna+rppa,0.702 +/- 0.108,0.651 +/- 0.109,0.681 +/- 0.078,0.529 +/- 0.124,3
TCGA-BRCA,mofa,2,rppa+cnv,0.679 +/- 0.014,0.663 +/- 0.021,0.716 +/- 0.017,0.564 +/- 0.021,3
TCGA-BRCA,mofa,2,rppa+mirna,0.750 +/- 0.010,0.714 +/- 0.012,0.742 +/- 0.005,0.617 +/- 0.011,3
TCGA-BRCA,mofa,3,dnam+mirna+cnv,0.725 +/- 0.018,0.693 +/- 0.017,0.719 +/- 0.011,0.590 +/- 0.015,3
TCGA-BRCA,mofa,3,dnam+rppa+cnv,0.680 +/- 0.008,0.665 +/- 0.006,0.714 +/- 0.002,0.569 +/- 0.006,3
TCGA-BRCA,mofa,3,dnam+rppa+mirna,0.769 +/- 0.018,0.725 +/- 0.023,0.760 +/- 0.017,0.647 +/- 0.025,3
TCGA-BRCA,mofa,3,mrna+dnam+cnv,0.730 +/- 0.011,0.695 +/- 0.010,0.709 +/- 0.017,0.574 +/- 0.021,3
TCGA-BRCA,mofa,3,mrna+dnam+mirna,0.790 +/- 0.014,0.749 +/- 0.015,0.770 +/- 0.010,0.666 +/- 0.014,3
TCGA-BRCA,mofa,3,mrna+dnam+rppa,0.741 +/- 0.012,0.700 +/- 0.011,0.724 +/- 0.009,0.594 +/- 0.013,3
TCGA-BRCA,mofa,3,mrna+mirna+cnv,0.805 +/- 0.008,0.773 +/- 0.006,0.796 +/- 0.003,0.696 +/- 0.005,3
TCGA-BRCA,mofa,3,mrna+rppa+cnv,0.772 +/- 0.033,0.728 +/- 0.057,0.743 +/- 0.055,0.639 +/- 0.048,3
TCGA-BRCA,mofa,3,mrna+rppa+mirna,0.792 +/- 0.018,0.755 +/- 0.024,0.773 +/- 0.019,0.665 +/- 0.026,3
TCGA-BRCA,mofa,3,rppa+mirna+cnv,0.764 +/- 0.013,0.738 +/- 0.010,0.779 +/- 0.008,0.666 +/- 0.010,3
TCGA-BRCA,mofa,4,dnam+rppa+mirna+cnv,0.760 +/- 0.015,0.739 +/- 0.013,0.769 +/- 0.008,0.658 +/- 0.013,3
TCGA-BRCA,mofa,4,mrna+dnam+mirna+cnv,0.792 +/- 0.012,0.757 +/- 0.004,0.779 +/- 0.006,0.675 +/- 0.006,3
TCGA-BRCA,mofa,4,mrna+dnam+rppa+cnv,0.802 +/- 0.003,0.770 +/- 0.005,0.785 +/- 0.001,0.681 +/- 0.002,3
TCGA-BRCA,mofa,4,mrna+dnam+rppa+mirna,0.791 +/- 0.005,0.759 +/- 0.004,0.783 +/- 0.004,0.675 +/- 0.005,3
TCGA-BRCA,mofa,4,mrna+rppa+mirna+cnv,0.820 +/- 0.004,0.786 +/- 0.003,0.803 +/- 0.004,0.706 +/- 0.005,3
TCGA-BRCA,mofa,5,mrna+dnam+rppa+mirna+cnv,0.816 +/- 0.009,0.785 +/- 0.011,0.799 +/- 0.010,0.705 +/- 0.013,3
TCGA-BRCA,pca_logreg,1,cnv,0.507 +/- 0.011,0.496 +/- 0.013,0.568 +/- 0.009,0.321 +/- 0.018,3
TCGA-BRCA,pca_logreg,1,dnam,0.558 +/- 0.009,0.556 +/- 0.012,0.605 +/- 0.010,0.369 +/- 0.013,3
TCGA-BRCA,pca_logreg,1,mirna,0.769 +/- 0.003,0.738 +/- 0.007,0.765 +/- 0.008,0.657 +/- 0.008,3
TCGA-BRCA,pca_logreg,1,mrna,0.796 +/- 0.004,0.777 +/- 0.003,0.786 +/- 0.004,0.674 +/- 0.006,3
TCGA-BRCA,pca_logreg,1,rppa,0.738 +/- 0.006,0.739 +/- 0.007,0.770 +/- 0.003,0.632 +/- 0.004,3
TCGA-BRCA,pca_logreg,2,dnam+cnv,0.652 +/- 0.017,0.637 +/- 0.015,0.669 +/- 0.016,0.490 +/- 0.021,3
TCGA-BRCA,pca_logreg,2,dnam+mirna,0.783 +/- 0.006,0.755 +/- 0.001,0.778 +/- 0.003,0.669 +/- 0.003,3
TCGA-BRCA,pca_logreg,2,dnam+rppa,0.795 +/- 0.004,0.777 +/- 0.003,0.790 +/- 0.004,0.678 +/- 0.006,3
TCGA-BRCA,pca_logreg,2,mirna+cnv,0.773 +/- 0.004,0.749 +/- 0.002,0.780 +/- 0.004,0.667 +/- 0.008,3
TCGA-BRCA,pca_logreg,2,mrna+cnv,0.810 +/- 0.005,0.785 +/- 0.006,0.796 +/- 0.003,0.692 +/- 0.007,3
TCGA-BRCA,pca_logreg,2,mrna+dnam,0.820 +/- 0.003,0.797 +/- 0.003,0.808 +/- 0.004,0.713 +/- 0.005,3
TCGA-BRCA,pca_logreg,2,mrna+mirna,0.832 +/- 0.007,0.804 +/- 0.006,0.820 +/- 0.007,0.732 +/- 0.009,3
TCGA-BRCA,pca_logreg,2,mrna+rppa,0.839 +/- 0.002,0.818 +/- 0.005,0.829 +/- 0.005,0.740 +/- 0.006,3
TCGA-BRCA,pca_logreg,2,rppa+cnv,0.754 +/- 0.002,0.736 +/- 0.004,0.763 +/- 0.003,0.634 +/- 0.003,3
TCGA-BRCA,pca_logreg,2,rppa+mirna,0.815 +/- 0.004,0.788 +/- 0.002,0.809 +/- 0.003,0.713 +/- 0.004,3
TCGA-BRCA,pca_logreg,3,dnam+mirna+cnv,0.777 +/- 0.007,0.754 +/- 0.011,0.779 +/- 0.012,0.665 +/- 0.015,3
TCGA-BRCA,pca_logreg,3,dnam+rppa+cnv,0.787 +/- 0.007,0.770 +/- 0.008,0.787 +/- 0.007,0.673 +/- 0.010,3
TCGA-BRCA,pca_logreg,3,dnam+rppa+mirna,0.820 +/- 0.008,0.800 +/- 0.006,0.820 +/- 0.005,0.727 +/- 0.008,3
TCGA-BRCA,pca_logreg,3,mrna+dnam+cnv,0.815 +/- 0.007,0.794 +/- 0.008,0.807 +/- 0.006,0.708 +/- 0.010,3
TCGA-BRCA,pca_logreg,3,mrna+dnam+mirna,0.823 +/- 0.006,0.799 +/- 0.006,0.817 +/- 0.004,0.725 +/- 0.007,3
TCGA-BRCA,pca_logreg,3,mrna+dnam+rppa,0.836 +/- 0.006,0.813 +/- 0.003,0.830 +/- 0.008,0.741 +/- 0.013,3
TCGA-BRCA,pca_logreg,3,mrna+mirna+cnv,0.839 +/- 0.006,0.818 +/- 0.007,0.830 +/- 0.002,0.742 +/- 0.003,3
TCGA-BRCA,pca_logreg,3,mrna+rppa+cnv,0.835 +/- 0.010,0.812 +/- 0.009,0.824 +/- 0.009,0.733 +/- 0.014,3
TCGA-BRCA,pca_logreg,3,mrna+rppa+mirna,0.835 +/- 0.005,0.816 +/- 0.003,0.836 +/- 0.001,0.750 +/- 0.001,3
TCGA-BRCA,pca_logreg,3,rppa+mirna+cnv,0.801 +/- 0.006,0.780 +/- 0.004,0.808 +/- 0.005,0.706 +/- 0.009,3
TCGA-BRCA,pca_logreg,4,dnam+rppa+mirna+cnv,0.810 +/- 0.006,0.792 +/- 0.005,0.809 +/- 0.006,0.709 +/- 0.008,3
TCGA-BRCA,pca_logreg,4,mrna+dnam+mirna+cnv,0.829 +/- 0.012,0.810 +/- 0.008,0.826 +/- 0.005,0.735 +/- 0.007,3
TCGA-BRCA,pca_logreg,4,mrna+dnam+rppa+cnv,0.837 +/- 0.007,0.823 +/- 0.011,0.833 +/- 0.009,0.747 +/- 0.012,3
TCGA-BRCA,pca_logreg,4,mrna+dnam+rppa+mirna,0.833 +/- 0.001,0.816 +/- 0.004,0.837 +/- 0.003,0.752 +/- 0.004,3
TCGA-BRCA,pca_logreg,4,mrna+rppa+mirna+cnv,0.850 +/- 0.006,0.836 +/- 0.007,0.844 +/- 0.003,0.762 +/- 0.005,3
TCGA-BRCA,pca_logreg,5,mrna+dnam+rppa+mirna+cnv,0.833 +/- 0.014,0.824 +/- 0.011,0.838 +/- 0.007,0.750 +/- 0.012,3
TCGA-BRCA,pnet,1,cnv,0.420 +/- 0.025,0.405 +/- 0.022,0.567 +/- 0.004,0.263 +/- 0.029,3
TCGA-BRCA,pnet,1,dnam,0.570 +/- 0.014,0.618 +/- 0.020,0.713 +/- 0.009,0.525 +/- 0.013,3
TCGA-BRCA,pnet,1,mirna,0.597 +/- 0.022,0.609 +/- 0.023,0.734 +/- 0.005,0.561 +/- 0.007,3
TCGA-BRCA,pnet,1,mrna,0.648 +/- 0.005,0.657 +/- 0.009,0.760 +/- 0.002,0.615 +/- 0.004,3
TCGA-BRCA,pnet,1,rppa,0.705 +/- 0.012,0.747 +/- 0.009,0.782 +/- 0.005,0.644 +/- 0.009,3
TCGA-BRCA,pnet,2,dnam+cnv,0.655 +/- 0.010,0.672 +/- 0.007,0.735 +/- 0.005,0.566 +/- 0.008,3
TCGA-BRCA,pnet,2,dnam+mirna,0.723 +/- 0.006,0.752 +/- 0.003,0.793 +/- 0.003,0.663 +/- 0.005,3
TCGA-BRCA,pnet,2,dnam+rppa,0.773 +/- 0.017,0.794 +/- 0.019,0.819 +/- 0.013,0.708 +/- 0.020,3
TCGA-BRCA,pnet,2,mirna+cnv,0.658 +/- 0.057,0.668 +/- 0.049,0.768 +/- 0.024,0.620 +/- 0.044,3
TCGA-BRCA,pnet,2,mrna+cnv,0.705 +/- 0.004,0.702 +/- 0.003,0.773 +/- 0.004,0.639 +/- 0.007,3
TCGA-BRCA,pnet,2,mrna+dnam,0.774 +/- 0.002,0.790 +/- 0.000,0.832 +/- 0.002,0.729 +/- 0.004,3
TCGA-BRCA,pnet,2,mrna+mirna,0.729 +/- 0.025,0.753 +/- 0.022,0.799 +/- 0.013,0.674 +/- 0.022,3
TCGA-BRCA,pnet,2,mrna+rppa,0.781 +/- 0.003,0.801 +/- 0.004,0.842 +/- 0.003,0.747 +/- 0.006,3
TCGA-BRCA,pnet,2,rppa+cnv,0.702 +/- 0.015,0.725 +/- 0.011,0.780 +/- 0.009,0.642 +/- 0.015,3
TCGA-BRCA,pnet,2,rppa+mirna,0.759 +/- 0.007,0.784 +/- 0.005,0.820 +/- 0.006,0.709 +/- 0.010,3
TCGA-BRCA,pnet,3,dnam+mirna+cnv,0.724 +/- 0.009,0.742 +/- 0.009,0.787 +/- 0.010,0.654 +/- 0.017,3
TCGA-BRCA,pnet,3,dnam+rppa+cnv,0.786 +/- 0.002,0.796 +/- 0.003,0.822 +/- 0.004,0.714 +/- 0.006,3
TCGA-BRCA,pnet,3,dnam+rppa+mirna,0.785 +/- 0.017,0.807 +/- 0.015,0.838 +/- 0.014,0.738 +/- 0.023,3
TCGA-BRCA,pnet,3,mrna+dnam+cnv,0.776 +/- 0.012,0.779 +/- 0.011,0.824 +/- 0.005,0.720 +/- 0.008,3
TCGA-BRCA,pnet,3,mrna+dnam+mirna,0.781 +/- 0.028,0.801 +/- 0.019,0.834 +/- 0.018,0.732 +/- 0.032,3
TCGA-BRCA,pnet,3,mrna+dnam+rppa,0.810 +/- 0.008,0.827 +/- 0.006,0.850 +/- 0.003,0.759 +/- 0.005,3
TCGA-BRCA,pnet,3,mrna+mirna+cnv,0.750 +/- 0.027,0.770 +/- 0.022,0.811 +/- 0.017,0.694 +/- 0.028,3
TCGA-BRCA,pnet,3,mrna+rppa+cnv,0.790 +/- 0.023,0.800 +/- 0.021,0.841 +/- 0.012,0.745 +/- 0.020,3
TCGA-BRCA,pnet,3,mrna+rppa+mirna,0.776 +/- 0.015,0.796 +/- 0.006,0.828 +/- 0.004,0.723 +/- 0.007,3
TCGA-BRCA,pnet,3,rppa+mirna+cnv,0.760 +/- 0.008,0.780 +/- 0.003,0.823 +/- 0.003,0.714 +/- 0.006,3
TCGA-BRCA,pnet,4,dnam+rppa+mirna+cnv,0.775 +/- 0.023,0.794 +/- 0.020,0.826 +/- 0.017,0.719 +/- 0.030,3
TCGA-BRCA,pnet,4,mrna+dnam+mirna+cnv,0.779 +/- 0.009,0.794 +/- 0.007,0.825 +/- 0.007,0.717 +/- 0.013,3
TCGA-BRCA,pnet,4,mrna+dnam+rppa+cnv,0.823 +/- 0.005,0.827 +/- 0.002,0.850 +/- 0.001,0.760 +/- 0.002,3
TCGA-BRCA,pnet,4,mrna+dnam+rppa+mirna,0.787 +/- 0.027,0.812 +/- 0.019,0.839 +/- 0.020,0.741 +/- 0.033,3
TCGA-BRCA,pnet,4,mrna+rppa+mirna+cnv,0.776 +/- 0.010,0.798 +/- 0.008,0.833 +/- 0.005,0.730 +/- 0.009,3
TCGA-BRCA,pnet,5,mrna+dnam+rppa+mirna+cnv,0.793 +/- 0.017,0.811 +/- 0.013,0.840 +/- 0.008,0.741 +/- 0.013,3
TCGA-BRCA,svm_early,1,cnv,0.538 +/- 0.009,0.521 +/- 0.009,0.574 +/- 0.016,0.351 +/- 0.019,3
TCGA-BRCA,svm_early,1,dnam,0.613 +/- 0.008,0.645 +/- 0.011,0.677 +/- 0.013,0.476 +/- 0.017,3
TCGA-BRCA,svm_early,1,mirna,0.770 +/- 0.007,0.765 +/- 0.007,0.792 +/- 0.005,0.690 +/- 0.008,3
TCGA-BRCA,svm_early,1,mrna,0.834 +/- 0.005,0.827 +/- 0.005,0.830 +/- 0.003,0.740 +/- 0.006,3
TCGA-BRCA,svm_early,1,rppa,0.709 +/- 0.006,0.737 +/- 0.004,0.762 +/- 0.005,0.613 +/- 0.009,3
TCGA-BRCA,svm_early,2,dnam+cnv,0.662 +/- 0.004,0.653 +/- 0.005,0.671 +/- 0.011,0.495 +/- 0.010,3
TCGA-BRCA,svm_early,2,dnam+mirna,0.793 +/- 0.008,0.783 +/- 0.006,0.804 +/- 0.007,0.704 +/- 0.010,3
TCGA-BRCA,svm_early,2,dnam+rppa,0.794 +/- 0.003,0.800 +/- 0.003,0.809 +/- 0.004,0.698 +/- 0.006,3
TCGA-BRCA,svm_early,2,mirna+cnv,0.774 +/- 0.003,0.756 +/- 0.004,0.792 +/- 0.003,0.682 +/- 0.005,3
TCGA-BRCA,svm_early,2,mrna+cnv,0.818 +/- 0.003,0.798 +/- 0.004,0.812 +/- 0.003,0.713 +/- 0.005,3
TCGA-BRCA,svm_early,2,mrna+dnam,0.850 +/- 0.003,0.834 +/- 0.004,0.840 +/- 0.006,0.760 +/- 0.007,3
TCGA-BRCA,svm_early,2,mrna+mirna,0.845 +/- 0.002,0.831 +/- 0.002,0.843 +/- 0.004,0.763 +/- 0.005,3
TCGA-BRCA,svm_early,2,mrna+rppa,0.858 +/- 0.004,0.854 +/- 0.002,0.856 +/- 0.004,0.777 +/- 0.007,3
TCGA-BRCA,svm_early,2,rppa+cnv,0.747 +/- 0.003,0.736 +/- 0.002,0.765 +/- 0.002,0.633 +/- 0.004,3
TCGA-BRCA,svm_early,2,rppa+mirna,0.819 +/- 0.004,0.821 +/- 0.004,0.839 +/- 0.005,0.750 +/- 0.007,3
TCGA-BRCA,svm_early,3,dnam+mirna+cnv,0.794 +/- 0.005,0.776 +/- 0.006,0.803 +/- 0.007,0.700 +/- 0.011,3
TCGA-BRCA,svm_early,3,dnam+rppa+cnv,0.789 +/- 0.004,0.778 +/- 0.005,0.800 +/- 0.002,0.690 +/- 0.004,3
TCGA-BRCA,svm_early,3,dnam+rppa+mirna,0.830 +/- 0.006,0.825 +/- 0.005,0.841 +/- 0.005,0.754 +/- 0.007,3
TCGA-BRCA,svm_early,3,mrna+dnam+cnv,0.830 +/- 0.005,0.806 +/- 0.007,0.820 +/- 0.008,0.728 +/- 0.012,3
TCGA-BRCA,svm_early,3,mrna+dnam+mirna,0.861 +/- 0.003,0.850 +/- 0.002,0.856 +/- 0.004,0.781 +/- 0.006,3
TCGA-BRCA,svm_early,3,mrna+dnam+rppa,0.858 +/- 0.004,0.847 +/- 0.001,0.852 +/- 0.003,0.773 +/- 0.004,3
TCGA-BRCA,svm_early,3,mrna+mirna+cnv,0.840 +/- 0.002,0.822 +/- 0.003,0.837 +/- 0.001,0.754 +/- 0.002,3
TCGA-BRCA,svm_early,3,mrna+rppa+cnv,0.836 +/- 0.006,0.827 +/- 0.005,0.836 +/- 0.005,0.747 +/- 0.007,3
TCGA-BRCA,svm_early,3,mrna+rppa+mirna,0.856 +/- 0.009,0.848 +/- 0.009,0.852 +/- 0.007,0.774 +/- 0.011,3
TCGA-BRCA,svm_early,3,rppa+mirna+cnv,0.801 +/- 0.007,0.789 +/- 0.007,0.824 +/- 0.005,0.727 +/- 0.007,3
TCGA-BRCA,svm_early,4,dnam+rppa+mirna+cnv,0.816 +/- 0.007,0.803 +/- 0.006,0.824 +/- 0.001,0.730 +/- 0.004,3
TCGA-BRCA,svm_early,4,mrna+dnam+mirna+cnv,0.833 +/- 0.009,0.815 +/- 0.005,0.834 +/- 0.008,0.747 +/- 0.013,3
TCGA-BRCA,svm_early,4,mrna+dnam+rppa+cnv,0.836 +/- 0.004,0.821 +/- 0.003,0.830 +/- 0.002,0.742 +/- 0.003,3
TCGA-BRCA,svm_early,4,mrna+dnam+rppa+mirna,0.859 +/- 0.002,0.848 +/- 0.003,0.855 +/- 0.010,0.778 +/- 0.013,3
TCGA-BRCA,svm_early,4,mrna+rppa+mirna+cnv,0.845 +/- 0.002,0.834 +/- 0.002,0.845 +/- 0.003,0.763 +/- 0.003,3
TCGA-BRCA,svm_early,5,mrna+dnam+rppa+mirna+cnv,0.837 +/- 0.008,0.826 +/- 0.007,0.840 +/- 0.007,0.754 +/- 0.010,3
TCGA-KIPAN,integrao,1,cnv,0.449 +/- 0.017,0.387 +/- 0.015,0.533 +/- 0.013,0.227 +/- 0.036,3
TCGA-KIPAN,integrao,1,dnam,0.750 +/- 0.014,0.714 +/- 0.020,0.692 +/- 0.024,0.547 +/- 0.034,3
TCGA-KIPAN,integrao,1,mirna,0.334 +/- 0.001,0.252 +/- 0.003,0.595 +/- 0.001,0.007 +/- 0.005,3
TCGA-KIPAN,integrao,1,mrna,0.333 +/- 0.001,0.249 +/- 0.002,0.594 +/- 0.001,-0.003 +/- 0.007,3
TCGA-KIPAN,integrao,1,rppa,0.877 +/- 0.005,0.879 +/- 0.008,0.898 +/- 0.005,0.822 +/- 0.007,3
TCGA-KIPAN,integrao,2,dnam+cnv,0.800 +/- 0.002,0.752 +/- 0.005,0.780 +/- 0.001,0.641 +/- 0.003,3
TCGA-KIPAN,integrao,2,dnam+mirna,0.720 +/- 0.015,0.685 +/- 0.021,0.735 +/- 0.042,0.560 +/- 0.054,3
TCGA-KIPAN,integrao,2,dnam+rppa,0.915 +/- 0.004,0.907 +/- 0.009,0.932 +/- 0.006,0.877 +/- 0.011,3
TCGA-KIPAN,integrao,2,mirna+cnv,0.450 +/- 0.005,0.399 +/- 0.012,0.541 +/- 0.020,0.242 +/- 0.012,3
TCGA-KIPAN,integrao,2,mrna+cnv,0.457 +/- 0.008,0.403 +/- 0.012,0.529 +/- 0.010,0.244 +/- 0.013,3
TCGA-KIPAN,integrao,2,mrna+dnam,0.755 +/- 0.032,0.734 +/- 0.040,0.779 +/- 0.041,0.626 +/- 0.055,3
TCGA-KIPAN,integrao,2,mrna+mirna,0.328 +/- 0.008,0.190 +/- 0.027,0.394 +/- 0.041,-0.004 +/- 0.023,3
TCGA-KIPAN,integrao,2,mrna+rppa,0.846 +/- 0.035,0.842 +/- 0.042,0.875 +/- 0.024,0.775 +/- 0.042,3
TCGA-KIPAN,integrao,2,rppa+cnv,0.887 +/- 0.002,0.871 +/- 0.006,0.913 +/- 0.002,0.843 +/- 0.002,3
TCGA-KIPAN,integrao,2,rppa+mirna,0.853 +/- 0.024,0.852 +/- 0.022,0.883 +/- 0.013,0.791 +/- 0.025,3
TCGA-KIPAN,integrao,3,dnam+mirna+cnv,0.770 +/- 0.033,0.727 +/- 0.039,0.762 +/- 0.032,0.606 +/- 0.048,3
TCGA-KIPAN,integrao,3,dnam+rppa+cnv,0.916 +/- 0.010,0.892 +/- 0.003,0.928 +/- 0.002,0.869 +/- 0.004,3
TCGA-KIPAN,integrao,3,dnam+rppa+mirna,0.871 +/- 0.008,0.868 +/- 0.004,0.903 +/- 0.010,0.823 +/- 0.015,3
TCGA-KIPAN,integrao,3,mrna+dnam+cnv,0.768 +/- 0.009,0.728 +/- 0.014,0.776 +/- 0.013,0.613 +/- 0.017,3
TCGA-KIPAN,integrao,3,mrna+dnam+mirna,0.705 +/- 0.036,0.679 +/- 0.040,0.717 +/- 0.027,0.525 +/- 0.050,3
TCGA-KIPAN,integrao,3,mrna+dnam+rppa,0.883 +/- 0.024,0.880 +/- 0.034,0.915 +/- 0.022,0.845 +/- 0.036,3
TCGA-KIPAN,integrao,3,mrna+mirna+cnv,0.452 +/- 0.003,0.387 +/- 0.011,0.529 +/- 0.008,0.226 +/- 0.012,3
TCGA-KIPAN,integrao,3,mrna+rppa+cnv,0.883 +/- 0.008,0.861 +/- 0.013,0.897 +/- 0.008,0.818 +/- 0.010,3
TCGA-KIPAN,integrao,3,mrna+rppa+mirna,0.850 +/- 0.006,0.846 +/- 0.005,0.872 +/- 0.001,0.771 +/- 0.002,3
TCGA-KIPAN,integrao,3,rppa+mirna+cnv,0.860 +/- 0.026,0.837 +/- 0.031,0.885 +/- 0.019,0.797 +/- 0.032,3
TCGA-KIPAN,integrao,4,dnam+rppa+mirna+cnv,0.891 +/- 0.009,0.867 +/- 0.011,0.905 +/- 0.007,0.830 +/- 0.011,3
TCGA-KIPAN,integrao,4,mrna+dnam+mirna+cnv,0.749 +/- 0.044,0.719 +/- 0.054,0.760 +/- 0.037,0.585 +/- 0.058,3
TCGA-KIPAN,integrao,4,mrna+dnam+rppa+cnv,0.880 +/- 0.011,0.852 +/- 0.012,0.897 +/- 0.007,0.821 +/- 0.013,3
TCGA-KIPAN,integrao,4,mrna+dnam+rppa+mirna,0.859 +/- 0.019,0.855 +/- 0.021,0.898 +/- 0.008,0.814 +/- 0.014,3
TCGA-KIPAN,integrao,4,mrna+rppa+mirna+cnv,0.836 +/- 0.024,0.803 +/- 0.023,0.863 +/- 0.018,0.768 +/- 0.026,3
TCGA-KIPAN,integrao,5,mrna+dnam+rppa+mirna+cnv,0.877 +/- 0.027,0.860 +/- 0.026,0.900 +/- 0.011,0.819 +/- 0.021,3
TCGA-KIPAN,logreg_early,1,cnv,0.510 +/- 0.001,0.378 +/- 0.001,0.411 +/- 0.001,0.292 +/- 0.002,3
TCGA-KIPAN,logreg_early,1,dnam,0.857 +/- 0.007,0.870 +/- 0.006,0.887 +/- 0.004,0.788 +/- 0.008,3
TCGA-KIPAN,logreg_early,1,mirna,0.898 +/- 0.007,0.810 +/- 0.006,0.871 +/- 0.006,0.790 +/- 0.010,3
TCGA-KIPAN,logreg_early,1,mrna,0.881 +/- 0.007,0.805 +/- 0.005,0.868 +/- 0.005,0.779 +/- 0.009,3
TCGA-KIPAN,logreg_early,1,rppa,0.904 +/- 0.004,0.896 +/- 0.005,0.907 +/- 0.004,0.844 +/- 0.006,3
TCGA-KIPAN,logreg_early,2,dnam+cnv,0.858 +/- 0.007,0.870 +/- 0.006,0.883 +/- 0.005,0.780 +/- 0.009,3
TCGA-KIPAN,logreg_early,2,dnam+mirna,0.906 +/- 0.012,0.852 +/- 0.005,0.902 +/- 0.005,0.829 +/- 0.008,3
TCGA-KIPAN,logreg_early,2,dnam+rppa,0.902 +/- 0.014,0.872 +/- 0.018,0.909 +/- 0.006,0.842 +/- 0.010,3
TCGA-KIPAN,logreg_early,2,mirna+cnv,0.896 +/- 0.010,0.840 +/- 0.005,0.900 +/- 0.003,0.826 +/- 0.007,3
TCGA-KIPAN,logreg_early,2,mrna+cnv,0.889 +/- 0.019,0.831 +/- 0.015,0.887 +/- 0.012,0.804 +/- 0.020,3
TCGA-KIPAN,logreg_early,2,mrna+dnam,0.915 +/- 0.021,0.874 +/- 0.014,0.914 +/- 0.012,0.848 +/- 0.022,3
TCGA-KIPAN,logreg_early,2,mrna+mirna,0.927 +/- 0.003,0.881 +/- 0.005,0.926 +/- 0.006,0.869 +/- 0.010,3
TCGA-KIPAN,logreg_early,2,mrna+rppa,0.965 +/- 0.003,0.938 +/- 0.003,0.963 +/- 0.002,0.934 +/- 0.003,3
TCGA-KIPAN,logreg_early,2,rppa+cnv,0.913 +/- 0.005,0.904 +/- 0.011,0.928 +/- 0.006,0.875 +/- 0.009,3
TCGA-KIPAN,logreg_early,2,rppa+mirna,0.961 +/- 0.007,0.941 +/- 0.008,0.966 +/- 0.005,0.938 +/- 0.009,3
TCGA-KIPAN,logreg_early,3,dnam+mirna+cnv,0.922 +/- 0.006,0.879 +/- 0.006,0.919 +/- 0.006,0.855 +/- 0.011,3
TCGA-KIPAN,logreg_early,3,dnam+rppa+cnv,0.920 +/- 0.003,0.906 +/- 0.016,0.931 +/- 0.008,0.878 +/- 0.013,3
TCGA-KIPAN,logreg_early,3,dnam+rppa+mirna,0.966 +/- 0.004,0.942 +/- 0.006,0.964 +/- 0.003,0.935 +/- 0.004,3
TCGA-KIPAN,logreg_early,3,mrna+dnam+cnv,0.908 +/- 0.010,0.881 +/- 0.004,0.918 +/- 0.002,0.851 +/- 0.004,3
TCGA-KIPAN,logreg_early,3,mrna+dnam+mirna,0.933 +/- 0.004,0.901 +/- 0.004,0.935 +/- 0.002,0.883 +/- 0.003,3
TCGA-KIPAN,logreg_early,3,mrna+dnam+rppa,0.960 +/- 0.010,0.935 +/- 0.009,0.960 +/- 0.005,0.927 +/- 0.009,3
TCGA-KIPAN,logreg_early,3,mrna+mirna+cnv,0.926 +/- 0.009,0.888 +/- 0.008,0.929 +/- 0.006,0.872 +/- 0.011,3
TCGA-KIPAN,logreg_early,3,mrna+rppa+cnv,0.954 +/- 0.006,0.926 +/- 0.005,0.955 +/- 0.003,0.919 +/- 0.006,3
TCGA-KIPAN,logreg_early,3,mrna+rppa+mirna,0.963 +/- 0.010,0.944 +/- 0.013,0.965 +/- 0.006,0.936 +/- 0.009,3
TCGA-KIPAN,logreg_early,3,rppa+mirna+cnv,0.953 +/- 0.007,0.931 +/- 0.011,0.960 +/- 0.005,0.928 +/- 0.008,3
TCGA-KIPAN,logreg_early,4,dnam+rppa+mirna+cnv,0.958 +/- 0.007,0.939 +/- 0.005,0.962 +/- 0.003,0.930 +/- 0.006,3
TCGA-KIPAN,logreg_early,4,mrna+dnam+mirna+cnv,0.937 +/- 0.002,0.904 +/- 0.003,0.938 +/- 0.004,0.887 +/- 0.008,3
TCGA-KIPAN,logreg_early,4,mrna+dnam+rppa+cnv,0.961 +/- 0.004,0.936 +/- 0.006,0.959 +/- 0.004,0.925 +/- 0.008,3
TCGA-KIPAN,logreg_early,4,mrna+dnam+rppa+mirna,0.963 +/- 0.010,0.941 +/- 0.011,0.962 +/- 0.005,0.931 +/- 0.009,3
TCGA-KIPAN,logreg_early,4,mrna+rppa+mirna+cnv,0.960 +/- 0.005,0.944 +/- 0.009,0.966 +/- 0.004,0.937 +/- 0.007,3
TCGA-KIPAN,logreg_early,5,mrna+dnam+rppa+mirna+cnv,0.964 +/- 0.008,0.945 +/- 0.002,0.966 +/- 0.001,0.938 +/- 0.003,3
TCGA-KIPAN,logreg_late,1,cnv,0.504 +/- 0.001,0.435 +/- 0.002,0.567 +/- 0.001,0.282 +/- 0.002,3
TCGA-KIPAN,logreg_late,1,dnam,0.863 +/- 0.007,0.881 +/- 0.004,0.896 +/- 0.005,0.805 +/- 0.010,3
TCGA-KIPAN,logreg_late,1,mirna,0.855 +/- 0.004,0.878 +/- 0.004,0.918 +/- 0.003,0.845 +/- 0.006,3
TCGA-KIPAN,logreg_late,1,mrna,0.837 +/- 0.005,0.861 +/- 0.004,0.915 +/- 0.001,0.840 +/- 0.003,3
TCGA-KIPAN,logreg_late,1,rppa,0.855 +/- 0.001,0.888 +/- 0.002,0.898 +/- 0.002,0.815 +/- 0.003,3
TCGA-KIPAN,logreg_late,2,dnam+cnv,0.856 +/- 0.010,0.775 +/- 0.008,0.830 +/- 0.007,0.712 +/- 0.011,3
TCGA-KIPAN,logreg_late,2,dnam+mirna,0.912 +/- 0.005,0.916 +/- 0.007,0.936 +/- 0.005,0.881 +/- 0.009,3
TCGA-KIPAN,logreg_late,2,dnam+rppa,0.921 +/- 0.004,0.935 +/- 0.003,0.952 +/- 0.001,0.911 +/- 0.002,3
TCGA-KIPAN,logreg_late,2,mirna+cnv,0.906 +/- 0.005,0.886 +/- 0.005,0.925 +/- 0.004,0.862 +/- 0.008,3
TCGA-KIPAN,logreg_late,2,mrna+cnv,0.884 +/- 0.007,0.870 +/- 0.005,0.918 +/- 0.004,0.850 +/- 0.009,3
TCGA-KIPAN,logreg_late,2,mrna+dnam,0.909 +/- 0.004,0.910 +/- 0.005,0.938 +/- 0.003,0.884 +/- 0.005,3
TCGA-KIPAN,logreg_late,2,mrna+mirna,0.899 +/- 0.006,0.910 +/- 0.013,0.941 +/- 0.006,0.889 +/- 0.011,3
TCGA-KIPAN,logreg_late,2,mrna+rppa,0.940 +/- 0.005,0.944 +/- 0.008,0.970 +/- 0.003,0.943 +/- 0.006,3
TCGA-KIPAN,logreg_late,2,rppa+cnv,0.901 +/- 0.003,0.849 +/- 0.003,0.908 +/- 0.001,0.837 +/- 0.003,3
TCGA-KIPAN,logreg_late,2,rppa+mirna,0.942 +/- 0.003,0.948 +/- 0.002,0.970 +/- 0.003,0.945 +/- 0.006,3
TCGA-KIPAN,logreg_late,3,dnam+mirna+cnv,0.948 +/- 0.007,0.925 +/- 0.007,0.943 +/- 0.004,0.896 +/- 0.007,3
TCGA-KIPAN,logreg_late,3,dnam+rppa+cnv,0.952 +/- 0.001,0.928 +/- 0.002,0.952 +/- 0.001,0.913 +/- 0.002,3
TCGA-KIPAN,logreg_late,3,dnam+rppa+mirna,0.938 +/- 0.006,0.942 +/- 0.006,0.967 +/- 0.006,0.938 +/- 0.011,3
TCGA-KIPAN,logreg_late,3,mrna+dnam+cnv,0.950 +/- 0.003,0.928 +/- 0.004,0.947 +/- 0.002,0.903 +/- 0.003,3
TCGA-KIPAN,logreg_late,3,mrna+dnam+mirna,0.924 +/- 0.001,0.925 +/- 0.003,0.949 +/- 0.001,0.905 +/- 0.002,3
TCGA-KIPAN,logreg_late,3,mrna+dnam+rppa,0.937 +/- 0.002,0.941 +/- 0.004,0.966 +/- 0.001,0.937 +/- 0.002,3
TCGA-KIPAN,logreg_late,3,mrna+mirna+cnv,0.942 +/- 0.006,0.923 +/- 0.004,0.949 +/- 0.004,0.907 +/- 0.008,3
TCGA-KIPAN,logreg_late,3,mrna+rppa+cnv,0.967 +/- 0.008,0.953 +/- 0.009,0.968 +/- 0.004,0.941 +/- 0.008,3
TCGA-KIPAN,logreg_late,3,mrna+rppa+mirna,0.942 +/- 0.005,0.946 +/- 0.006,0.968 +/- 0.003,0.940 +/- 0.006,3
TCGA-KIPAN,logreg_late,3,rppa+mirna+cnv,0.973 +/- 0.004,0.963 +/- 0.004,0.975 +/- 0.004,0.954 +/- 0.008,3
TCGA-KIPAN,logreg_late,4,dnam+rppa+mirna+cnv,0.974 +/- 0.004,0.960 +/- 0.003,0.973 +/- 0.003,0.950 +/- 0.005,3
TCGA-KIPAN,logreg_late,4,mrna+dnam+mirna+cnv,0.961 +/- 0.009,0.944 +/- 0.009,0.960 +/- 0.006,0.926 +/- 0.010,3
TCGA-KIPAN,logreg_late,4,mrna+dnam+rppa+cnv,0.970 +/- 0.002,0.957 +/- 0.002,0.970 +/- 0.002,0.946 +/- 0.004,3
TCGA-KIPAN,logreg_late,4,mrna+dnam+rppa+mirna,0.938 +/- 0.004,0.941 +/- 0.005,0.966 +/- 0.003,0.936 +/- 0.007,3
TCGA-KIPAN,logreg_late,4,mrna+rppa+mirna+cnv,0.976 +/- 0.004,0.966 +/- 0.003,0.975 +/- 0.002,0.954 +/- 0.004,3
TCGA-KIPAN,logreg_late,5,mrna+dnam+rppa+mirna+cnv,0.977 +/- 0.001,0.964 +/- 0.003,0.974 +/- 0.002,0.953 +/- 0.003,3
TCGA-KIPAN,mofa,1,cnv,0.453 +/- 0.034,0.363 +/- 0.051,0.436 +/- 0.084,0.255 +/- 0.067,3
TCGA-KIPAN,mofa,1,dnam,0.738 +/- 0.003,0.714 +/- 0.001,0.673 +/- 0.000,0.477 +/- 0.001,3
TCGA-KIPAN,mofa,1,rppa,0.448 +/- 0.020,0.388 +/- 0.011,0.451 +/- 0.004,0.148 +/- 0.023,3
TCGA-KIPAN,mofa,2,dnam+cnv,0.702 +/- 0.028,0.632 +/- 0.069,0.598 +/- 0.049,0.420 +/- 0.043,3
TCGA-KIPAN,mofa,2,dnam+mirna,0.730 +/- 0.018,0.698 +/- 0.027,0.666 +/- 0.013,0.467 +/- 0.017,3
TCGA-KIPAN,mofa,2,dnam+rppa,0.515 +/- 0.076,0.450 +/- 0.071,0.485 +/- 0.067,0.267 +/- 0.100,3
TCGA-KIPAN,mofa,2,mirna+cnv,0.427 +/- 0.025,0.282 +/- 0.084,0.319 +/- 0.114,0.182 +/- 0.063,3
TCGA-KIPAN,mofa,2,mrna+cnv,0.454 +/- 0.025,0.307 +/- 0.060,0.333 +/- 0.068,0.219 +/- 0.054,3
TCGA-KIPAN,mofa,2,mrna+dnam,0.739 +/- 0.003,0.716 +/- 0.002,0.674 +/- 0.002,0.477 +/- 0.001,3
TCGA-KIPAN,mofa,2,mrna+rppa,0.385 +/- 0.016,0.332 +/- 0.007,0.458 +/- 0.024,0.104 +/- 0.027,3
TCGA-KIPAN,mofa,2,rppa+cnv,0.648 +/- 0.039,0.627 +/- 0.017,0.728 +/- 0.019,0.532 +/- 0.035,3
TCGA-KIPAN,mofa,2,rppa+mirna,0.384 +/- 0.023,0.318 +/- 0.021,0.435 +/- 0.011,0.084 +/- 0.020,3
TCGA-KIPAN,mofa,3,dnam+mirna+cnv,0.680 +/- 0.031,0.572 +/- 0.042,0.553 +/- 0.041,0.391 +/- 0.032,3
TCGA-KIPAN,mofa,3,dnam+rppa+cnv,0.614 +/- 0.125,0.530 +/- 0.141,0.558 +/- 0.137,0.395 +/- 0.179,3
TCGA-KIPAN,mofa,3,dnam+rppa+mirna,0.523 +/- 0.139,0.421 +/- 0.175,0.449 +/- 0.166,0.264 +/- 0.204,3
TCGA-KIPAN,mofa,3,mrna+dnam+cnv,0.710 +/- 0.012,0.632 +/- 0.030,0.612 +/- 0.023,0.436 +/- 0.024,3
TCGA-KIPAN,mofa,3,mrna+dnam+mirna,0.712 +/- 0.022,0.684 +/- 0.033,0.667 +/- 0.013,0.458 +/- 0.024,3
TCGA-KIPAN,mofa,3,mrna+dnam+rppa,0.478 +/- 0.108,0.383 +/- 0.140,0.406 +/- 0.143,0.200 +/- 0.169,3
TCGA-KIPAN,mofa,3,mrna+mirna+cnv,0.481 +/- 0.018,0.354 +/- 0.028,0.389 +/- 0.030,0.264 +/- 0.023,3
TCGA-KIPAN,mofa,3,mrna+rppa+cnv,0.674 +/- 0.050,0.652 +/- 0.051,0.765 +/- 0.028,0.580 +/- 0.056,3
TCGA-KIPAN,mofa,3,mrna+rppa+mirna,0.372 +/- 0.002,0.311 +/- 0.018,0.425 +/- 0.033,0.088 +/- 0.038,3
TCGA-KIPAN,mofa,3,rppa+mirna+cnv,0.585 +/- 0.079,0.566 +/- 0.060,0.682 +/- 0.053,0.456 +/- 0.100,3
TCGA-KIPAN,mofa,4,dnam+rppa+mirna+cnv,0.687 +/- 0.196,0.621 +/- 0.235,0.655 +/- 0.229,0.499 +/- 0.294,3
TCGA-KIPAN,mofa,4,mrna+dnam+mirna+cnv,0.646 +/- 0.042,0.546 +/- 0.059,0.553 +/- 0.081,0.360 +/- 0.044,3
TCGA-KIPAN,mofa,4,mrna+dnam+rppa+cnv,0.643 +/- 0.071,0.557 +/- 0.078,0.584 +/- 0.077,0.435 +/- 0.099,3
TCGA-KIPAN,mofa,4,mrna+dnam+rppa+mirna,0.445 +/- 0.066,0.335 +/- 0.086,0.367 +/- 0.090,0.153 +/- 0.101,3
TCGA-KIPAN,mofa,4,mrna+rppa+mirna+cnv,0.543 +/- 0.042,0.541 +/- 0.060,0.669 +/- 0.055,0.424 +/- 0.078,3
TCGA-KIPAN,mofa,5,mrna+dnam+rppa+mirna+cnv,0.584 +/- 0.091,0.482 +/- 0.122,0.509 +/- 0.124,0.347 +/- 0.145,3
TCGA-KIPAN,pca_logreg,1,cnv,0.453 +/- 0.009,0.370 +/- 0.028,0.460 +/- 0.066,0.275 +/- 0.035,3
TCGA-KIPAN,pca_logreg,1,dnam,0.839 +/- 0.010,0.853 +/- 0.004,0.871 +/- 0.004,0.757 +/- 0.009,3
TCGA-KIPAN,pca_logreg,1,mirna,0.333 +/- 0.000,0.249 +/- 0.000,0.595 +/- 0.000,0.000 +/- 0.000,3
TCGA-KIPAN,pca_logreg,1,mrna,0.333 +/- 0.000,0.249 +/- 0.000,0.595 +/- 0.000,0.000 +/- 0.000,3
TCGA-KIPAN,pca_logreg,1,rppa,0.901 +/- 0.005,0.893 +/- 0.008,0.903 +/- 0.004,0.838 +/- 0.005,3
TCGA-KIPAN,pca_logreg,2,dnam+cnv,0.836 +/- 0.007,0.838 +/- 0.013,0.856 +/- 0.016,0.740 +/- 0.020,3
TCGA-KIPAN,pca_logreg,2,dnam+mirna,0.839 +/- 0.003,0.854 +/- 0.003,0.876 +/- 0.006,0.766 +/- 0.011,3
TCGA-KIPAN,pca_logreg,2,dnam+rppa,0.910 +/- 0.005,0.912 +/- 0.003,0.933 +/- 0.002,0.876 +/- 0.004,3
TCGA-KIPAN,pca_logreg,2,mirna+cnv,0.473 +/- 0.019,0.367 +/- 0.034,0.446 +/- 0.094,0.290 +/- 0.031,3
TCGA-KIPAN,pca_logreg,2,mrna+cnv,0.477 +/- 0.010,0.372 +/- 0.023,0.457 +/- 0.059,0.292 +/- 0.036,3
TCGA-KIPAN,pca_logreg,2,mrna+dnam,0.841 +/- 0.011,0.854 +/- 0.010,0.870 +/- 0.006,0.755 +/- 0.011,3
TCGA-KIPAN,pca_logreg,2,mrna+mirna,0.333 +/- 0.000,0.249 +/- 0.000,0.595 +/- 0.000,0.000 +/- 0.000,3
TCGA-KIPAN,pca_logreg,2,mrna+rppa,0.904 +/- 0.001,0.897 +/- 0.002,0.905 +/- 0.001,0.841 +/- 0.002,3
TCGA-KIPAN,pca_logreg,2,rppa+cnv,0.896 +/- 0.002,0.876 +/- 0.011,0.906 +/- 0.010,0.839 +/- 0.013,3
TCGA-KIPAN,pca_logreg,2,rppa+mirna,0.892 +/- 0.017,0.886 +/- 0.012,0.897 +/- 0.011,0.825 +/- 0.022,3
TCGA-KIPAN,pca_logreg,3,dnam+mirna+cnv,0.837 +/- 0.007,0.839 +/- 0.009,0.860 +/- 0.008,0.737 +/- 0.016,3
TCGA-KIPAN,pca_logreg,3,dnam+rppa+cnv,0.907 +/- 0.009,0.907 +/- 0.017,0.931 +/- 0.006,0.873 +/- 0.010,3
TCGA-KIPAN,pca_logreg,3,dnam+rppa+mirna,0.912 +/- 0.004,0.916 +/- 0.005,0.938 +/- 0.002,0.885 +/- 0.003,3
TCGA-KIPAN,pca_logreg,3,mrna+dnam+cnv,0.835 +/- 0.022,0.841 +/- 0.021,0.854 +/- 0.022,0.731 +/- 0.033,3
TCGA-KIPAN,pca_logreg,3,mrna+dnam+mirna,0.842 +/- 0.017,0.856 +/- 0.018,0.875 +/- 0.008,0.765 +/- 0.016,3
TCGA-KIPAN,pca_logreg,3,mrna+dnam+rppa,0.904 +/- 0.009,0.911 +/- 0.005,0.933 +/- 0.005,0.875 +/- 0.009,3
TCGA-KIPAN,pca_logreg,3,mrna+mirna+cnv,0.474 +/- 0.009,0.366 +/- 0.016,0.449 +/- 0.028,0.292 +/- 0.027,3
TCGA-KIPAN,pca_logreg,3,mrna+rppa+cnv,0.896 +/- 0.012,0.886 +/- 0.007,0.910 +/- 0.007,0.842 +/- 0.014,3
TCGA-KIPAN,pca_logreg,3,mrna+rppa+mirna,0.893 +/- 0.009,0.890 +/- 0.008,0.898 +/- 0.007,0.828 +/- 0.015,3
TCGA-KIPAN,pca_logreg,3,rppa+mirna+cnv,0.901 +/- 0.012,0.881 +/- 0.019,0.909 +/- 0.014,0.843 +/- 0.022,3
TCGA-KIPAN,pca_logreg,4,dnam+rppa+mirna+cnv,0.905 +/- 0.011,0.905 +/- 0.021,0.928 +/- 0.013,0.869 +/- 0.022,3
TCGA-KIPAN,pca_logreg,4,mrna+dnam+mirna+cnv,0.847 +/- 0.007,0.857 +/- 0.008,0.875 +/- 0.008,0.765 +/- 0.015,3
TCGA-KIPAN,pca_logreg,4,mrna+dnam+rppa+cnv,0.903 +/- 0.012,0.901 +/- 0.009,0.922 +/- 0.007,0.859 +/- 0.012,3
TCGA-KIPAN,pca_logreg,4,mrna+dnam+rppa+mirna,0.909 +/- 0.002,0.908 +/- 0.003,0.933 +/- 0.002,0.876 +/- 0.004,3
TCGA-KIPAN,pca_logreg,4,mrna+rppa+mirna+cnv,0.899 +/- 0.008,0.891 +/- 0.007,0.911 +/- 0.005,0.843 +/- 0.011,3
TCGA-KIPAN,pca_logreg,5,mrna+dnam+rppa+mirna+cnv,0.896 +/- 0.005,0.876 +/- 0.002,0.904 +/- 0.002,0.835 +/- 0.006,3
TCGA-KIPAN,pnet,1,cnv,0.417 +/- 0.023,0.390 +/- 0.024,0.640 +/- 0.005,0.262 +/- 0.029,3
TCGA-KIPAN,pnet,1,dnam,0.843 +/- 0.008,0.870 +/- 0.003,0.889 +/- 0.002,0.792 +/- 0.003,3
TCGA-KIPAN,pnet,1,mirna,0.334 +/- 0.001,0.250 +/- 0.001,0.595 +/- 0.001,0.006 +/- 0.013,3
TCGA-KIPAN,pnet,1,mrna,0.333 +/- 0.001,0.250 +/- 0.002,0.594 +/- 0.002,-0.004 +/- 0.019,3
TCGA-KIPAN,pnet,1,rppa,0.881 +/- 0.026,0.897 +/- 0.014,0.906 +/- 0.011,0.836 +/- 0.024,3
TCGA-KIPAN,pnet,2,dnam+cnv,0.843 +/- 0.011,0.871 +/- 0.008,0.886 +/- 0.004,0.786 +/- 0.009,3
TCGA-KIPAN,pnet,2,dnam+mirna,0.842 +/- 0.001,0.868 +/- 0.002,0.887 +/- 0.001,0.786 +/- 0.000,3
TCGA-KIPAN,pnet,2,dnam+rppa,0.912 +/- 0.009,0.931 +/- 0.008,0.950 +/- 0.003,0.907 +/- 0.005,3
TCGA-KIPAN,pnet,2,mirna+cnv,0.422 +/- 0.011,0.390 +/- 0.006,0.632 +/- 0.022,0.279 +/- 0.026,3
TCGA-KIPAN,pnet,2,mrna+cnv,0.425 +/- 0.011,0.397 +/- 0.015,0.648 +/- 0.006,0.285 +/- 0.017,3
TCGA-KIPAN,pnet,2,mrna+dnam,0.848 +/- 0.012,0.872 +/- 0.011,0.890 +/- 0.005,0.794 +/- 0.010,3
TCGA-KIPAN,pnet,2,mrna+mirna,0.333 +/- 0.001,0.249 +/- 0.002,0.595 +/- 0.001,-0.001 +/- 0.017,3
TCGA-KIPAN,pnet,2,mrna+rppa,0.895 +/- 0.016,0.903 +/- 0.010,0.911 +/- 0.010,0.846 +/- 0.021,3
TCGA-KIPAN,pnet,2,rppa+cnv,0.908 +/- 0.010,0.919 +/- 0.005,0.935 +/- 0.005,0.883 +/- 0.011,3
TCGA-KIPAN,pnet,2,rppa+mirna,0.887 +/- 0.004,0.899 +/- 0.005,0.907 +/- 0.002,0.838 +/- 0.003,3
TCGA-KIPAN,pnet,3,dnam+mirna+cnv,0.842 +/- 0.008,0.868 +/- 0.008,0.884 +/- 0.004,0.781 +/- 0.007,3
TCGA-KIPAN,pnet,3,dnam+rppa+cnv,0.909 +/- 0.005,0.927 +/- 0.006,0.945 +/- 0.003,0.897 +/- 0.005,3
TCGA-KIPAN,pnet,3,dnam+rppa+mirna,0.907 +/- 0.008,0.928 +/- 0.007,0.946 +/- 0.004,0.899 +/- 0.008,3
TCGA-KIPAN,pnet,3,mrna+dnam+cnv,0.838 +/- 0.004,0.870 +/- 0.008,0.887 +/- 0.005,0.788 +/- 0.010,3
TCGA-KIPAN,pnet,3,mrna+dnam+mirna,0.846 +/- 0.004,0.872 +/- 0.003,0.890 +/- 0.003,0.793 +/- 0.006,3
TCGA-KIPAN,pnet,3,mrna+dnam+rppa,0.904 +/- 0.002,0.924 +/- 0.003,0.945 +/- 0.003,0.896 +/- 0.006,3
TCGA-KIPAN,pnet,3,mrna+mirna+cnv,0.404 +/- 0.013,0.370 +/- 0.016,0.637 +/- 0.011,0.232 +/- 0.039,3
TCGA-KIPAN,pnet,3,mrna+rppa+cnv,0.905 +/- 0.004,0.920 +/- 0.004,0.936 +/- 0.006,0.884 +/- 0.011,3
TCGA-KIPAN,pnet,3,mrna+rppa+mirna,0.894 +/- 0.011,0.903 +/- 0.008,0.909 +/- 0.008,0.844 +/- 0.014,3
TCGA-KIPAN,pnet,3,rppa+mirna+cnv,0.906 +/- 0.007,0.922 +/- 0.003,0.935 +/- 0.001,0.881 +/- 0.004,3
TCGA-KIPAN,pnet,4,dnam+rppa+mirna+cnv,0.916 +/- 0.009,0.931 +/- 0.007,0.947 +/- 0.003,0.901 +/- 0.006,3
TCGA-KIPAN,pnet,4,mrna+dnam+mirna+cnv,0.840 +/- 0.016,0.865 +/- 0.015,0.887 +/- 0.014,0.786 +/- 0.028,3
TCGA-KIPAN,pnet,4,mrna+dnam+rppa+cnv,0.911 +/- 0.005,0.927 +/- 0.005,0.943 +/- 0.002,0.893 +/- 0.004,3
TCGA-KIPAN,pnet,4,mrna+dnam+rppa+mirna,0.912 +/- 0.003,0.929 +/- 0.006,0.948 +/- 0.004,0.902 +/- 0.007,3
TCGA-KIPAN,pnet,4,mrna+rppa+mirna+cnv,0.901 +/- 0.008,0.917 +/- 0.005,0.931 +/- 0.006,0.875 +/- 0.010,3
TCGA-KIPAN,pnet,5,mrna+dnam+rppa+mirna+cnv,0.911 +/- 0.008,0.928 +/- 0.005,0.944 +/- 0.002,0.895 +/- 0.005,3
TCGA-KIPAN,svm_early,1,cnv,0.500 +/- 0.004,0.363 +/- 0.003,0.398 +/- 0.003,0.284 +/- 0.004,3
TCGA-KIPAN,svm_early,1,dnam,0.842 +/- 0.007,0.853 +/- 0.008,0.872 +/- 0.005,0.760 +/- 0.009,3
TCGA-KIPAN,svm_early,1,mirna,0.856 +/- 0.007,0.789 +/- 0.006,0.861 +/- 0.005,0.766 +/- 0.007,3
TCGA-KIPAN,svm_early,1,mrna,0.887 +/- 0.010,0.805 +/- 0.007,0.868 +/- 0.008,0.786 +/- 0.010,3
TCGA-KIPAN,svm_early,1,rppa,0.888 +/- 0.001,0.894 +/- 0.001,0.897 +/- 0.002,0.822 +/- 0.004,3
TCGA-KIPAN,svm_early,2,dnam+cnv,0.780 +/- 0.012,0.749 +/- 0.009,0.715 +/- 0.008,0.563 +/- 0.012,3
TCGA-KIPAN,svm_early,2,dnam+mirna,0.892 +/- 0.009,0.899 +/- 0.004,0.928 +/- 0.003,0.865 +/- 0.006,3
TCGA-KIPAN,svm_early,2,dnam+rppa,0.901 +/- 0.009,0.906 +/- 0.009,0.916 +/- 0.004,0.849 +/- 0.008,3
TCGA-KIPAN,svm_early,2,mirna+cnv,0.856 +/- 0.016,0.808 +/- 0.013,0.877 +/- 0.009,0.784 +/- 0.016,3
TCGA-KIPAN,svm_early,2,mrna+cnv,0.871 +/- 0.009,0.812 +/- 0.007,0.877 +/- 0.003,0.788 +/- 0.006,3
TCGA-KIPAN,svm_early,2,mrna+dnam,0.899 +/- 0.008,0.906 +/- 0.010,0.929 +/- 0.005,0.868 +/- 0.008,3
TCGA-KIPAN,svm_early,2,mrna+mirna,0.898 +/- 0.019,0.849 +/- 0.011,0.905 +/- 0.007,0.832 +/- 0.014,3
TCGA-KIPAN,svm_early,2,mrna+rppa,0.921 +/- 0.002,0.917 +/- 0.002,0.952 +/- 0.001,0.912 +/- 0.001,3
TCGA-KIPAN,svm_early,2,rppa+cnv,0.890 +/- 0.002,0.883 +/- 0.004,0.906 +/- 0.003,0.836 +/- 0.004,3
TCGA-KIPAN,svm_early,2,rppa+mirna,0.904 +/- 0.006,0.919 +/- 0.001,0.955 +/- 0.001,0.915 +/- 0.002,3
TCGA-KIPAN,svm_early,3,dnam+mirna+cnv,0.893 +/- 0.010,0.902 +/- 0.008,0.922 +/- 0.003,0.853 +/- 0.006,3
TCGA-KIPAN,svm_early,3,dnam+rppa+cnv,0.899 +/- 0.006,0.904 +/- 0.003,0.918 +/- 0.006,0.853 +/- 0.011,3
TCGA-KIPAN,svm_early,3,dnam+rppa+mirna,0.912 +/- 0.004,0.933 +/- 0.005,0.960 +/- 0.004,0.924 +/- 0.008,3
TCGA-KIPAN,svm_early,3,mrna+dnam+cnv,0.896 +/- 0.003,0.905 +/- 0.003,0.925 +/- 0.001,0.860 +/- 0.003,3
TCGA-KIPAN,svm_early,3,mrna+dnam+mirna,0.902 +/- 0.006,0.911 +/- 0.005,0.937 +/- 0.003,0.882 +/- 0.005,3
TCGA-KIPAN,svm_early,3,mrna+dnam+rppa,0.919 +/- 0.006,0.933 +/- 0.005,0.959 +/- 0.003,0.923 +/- 0.006,3
TCGA-KIPAN,svm_early,3,mrna+mirna+cnv,0.897 +/- 0.014,0.851 +/- 0.013,0.905 +/- 0.007,0.834 +/- 0.011,3
TCGA-KIPAN,svm_early,3,mrna+rppa+cnv,0.903 +/- 0.004,0.905 +/- 0.004,0.945 +/- 0.001,0.898 +/- 0.001,3
TCGA-KIPAN,svm_early,3,mrna+rppa+mirna,0.919 +/- 0.015,0.922 +/- 0.015,0.953 +/- 0.005,0.912 +/- 0.009,3
TCGA-KIPAN,svm_early,3,rppa+mirna+cnv,0.885 +/- 0.002,0.905 +/- 0.002,0.949 +/- 0.002,0.903 +/- 0.004,3
TCGA-KIPAN,svm_early,4,dnam+rppa+mirna+cnv,0.909 +/- 0.007,0.927 +/- 0.006,0.954 +/- 0.003,0.914 +/- 0.005,3
TCGA-KIPAN,svm_early,4,mrna+dnam+mirna+cnv,0.903 +/- 0.004,0.909 +/- 0.007,0.934 +/- 0.002,0.876 +/- 0.004,3
TCGA-KIPAN,svm_early,4,mrna+dnam+rppa+cnv,0.921 +/- 0.009,0.935 +/- 0.009,0.958 +/- 0.007,0.922 +/- 0.014,3
TCGA-KIPAN,svm_early,4,mrna+dnam+rppa+mirna,0.918 +/- 0.010,0.931 +/- 0.011,0.956 +/- 0.005,0.917 +/- 0.009,3
TCGA-KIPAN,svm_early,4,mrna+rppa+mirna+cnv,0.893 +/- 0.003,0.895 +/- 0.005,0.942 +/- 0.003,0.893 +/- 0.004,3
TCGA-KIPAN,svm_early,5,mrna+dnam+rppa+mirna+cnv,0.914 +/- 0.002,0.928 +/- 0.003,0.957 +/- 0.003,0.919 +/- 0.006,3
TCGA-LGG,integrao,1,cnv,0.575 +/- 0.004,0.531 +/- 0.009,0.565 +/- 0.006,0.153 +/- 0.011,3
TCGA-LGG,integrao,1,dnam,0.640 +/- 0.010,0.638 +/- 0.011,0.639 +/- 0.010,0.280 +/- 0.021,3
TCGA-LGG,integrao,1,mirna,0.622 +/- 0.014,0.619 +/- 0.014,0.622 +/- 0.014,0.247 +/- 0.029,3
TCGA-LGG,integrao,1,mrna,0.651 +/- 0.006,0.646 +/- 0.006,0.648 +/- 0.006,0.305 +/- 0.012,3
TCGA-LGG,integrao,1,rppa,0.608 +/- 0.010,0.602 +/- 0.010,0.606 +/- 0.009,0.220 +/- 0.020,3
TCGA-LGG,integrao,2,dnam+cnv,0.636 +/- 0.011,0.633 +/- 0.010,0.634 +/- 0.011,0.273 +/- 0.022,3
TCGA-LGG,integrao,2,dnam+mirna,0.659 +/- 0.006,0.657 +/- 0.006,0.658 +/- 0.006,0.320 +/- 0.013,3
TCGA-LGG,integrao,2,dnam+rppa,0.660 +/- 0.004,0.658 +/- 0.003,0.659 +/- 0.003,0.322 +/- 0.010,3
TCGA-LGG,integrao,2,mirna+cnv,0.628 +/- 0.010,0.624 +/- 0.010,0.626 +/- 0.011,0.258 +/- 0.021,3
TCGA-LGG,integrao,2,mrna+cnv,0.644 +/- 0.006,0.642 +/- 0.007,0.643 +/- 0.006,0.290 +/- 0.013,3
TCGA-LGG,integrao,2,mrna+dnam,0.676 +/- 0.015,0.674 +/- 0.015,0.675 +/- 0.015,0.353 +/- 0.029,3
TCGA-LGG,integrao,2,mrna+mirna,0.680 +/- 0.005,0.676 +/- 0.005,0.679 +/- 0.005,0.363 +/- 0.011,3
TCGA-LGG,integrao,2,mrna+rppa,0.673 +/- 0.014,0.670 +/- 0.014,0.671 +/- 0.014,0.348 +/- 0.027,3
TCGA-LGG,integrao,2,rppa+cnv,0.633 +/- 0.008,0.629 +/- 0.008,0.630 +/- 0.008,0.269 +/- 0.017,3
TCGA-LGG,integrao,2,rppa+mirna,0.636 +/- 0.007,0.632 +/- 0.007,0.634 +/- 0.008,0.275 +/- 0.014,3
TCGA-LGG,integrao,3,dnam+mirna+cnv,0.646 +/- 0.010,0.642 +/- 0.009,0.644 +/- 0.010,0.293 +/- 0.021,3
TCGA-LGG,integrao,3,dnam+rppa+cnv,0.653 +/- 0.005,0.650 +/- 0.005,0.651 +/- 0.005,0.307 +/- 0.010,3
TCGA-LGG,integrao,3,dnam+rppa+mirna,0.656 +/- 0.009,0.653 +/- 0.009,0.655 +/- 0.009,0.313 +/- 0.017,3
TCGA-LGG,integrao,3,mrna+dnam+cnv,0.663 +/- 0.011,0.661 +/- 0.012,0.662 +/- 0.012,0.328 +/- 0.022,3
TCGA-LGG,integrao,3,mrna+dnam+mirna,0.681 +/- 0.007,0.678 +/- 0.007,0.680 +/- 0.007,0.364 +/- 0.013,3
TCGA-LGG,integrao,3,mrna+dnam+rppa,0.671 +/- 0.009,0.669 +/- 0.009,0.670 +/- 0.009,0.344 +/- 0.019,3
TCGA-LGG,integrao,3,mrna+mirna+cnv,0.663 +/- 0.012,0.661 +/- 0.012,0.662 +/- 0.012,0.329 +/- 0.023,3
TCGA-LGG,integrao,3,mrna+rppa+cnv,0.655 +/- 0.002,0.652 +/- 0.001,0.653 +/- 0.001,0.312 +/- 0.004,3
TCGA-LGG,integrao,3,mrna+rppa+mirna,0.671 +/- 0.001,0.668 +/- 0.002,0.670 +/- 0.001,0.345 +/- 0.001,3
TCGA-LGG,integrao,3,rppa+mirna+cnv,0.637 +/- 0.005,0.633 +/- 0.006,0.635 +/- 0.005,0.276 +/- 0.009,3
TCGA-LGG,integrao,4,dnam+rppa+mirna+cnv,0.648 +/- 0.004,0.645 +/- 0.004,0.647 +/- 0.004,0.298 +/- 0.008,3
TCGA-LGG,integrao,4,mrna+dnam+mirna+cnv,0.668 +/- 0.004,0.665 +/- 0.003,0.667 +/- 0.003,0.337 +/- 0.008,3
TCGA-LGG,integrao,4,mrna+dnam+rppa+cnv,0.673 +/- 0.005,0.671 +/- 0.005,0.672 +/- 0.005,0.348 +/- 0.011,3
TCGA-LGG,integrao,4,mrna+dnam+rppa+mirna,0.675 +/- 0.003,0.672 +/- 0.004,0.673 +/- 0.003,0.351 +/- 0.005,3
TCGA-LGG,integrao,4,mrna+rppa+mirna+cnv,0.659 +/- 0.006,0.656 +/- 0.005,0.658 +/- 0.005,0.319 +/- 0.012,3
TCGA-LGG,integrao,5,mrna+dnam+rppa+mirna+cnv,0.666 +/- 0.006,0.663 +/- 0.006,0.665 +/- 0.006,0.334 +/- 0.012,3
TCGA-LGG,logreg_early,1,cnv,0.610 +/- 0.006,0.592 +/- 0.002,0.601 +/- 0.005,0.237 +/- 0.018,3
TCGA-LGG,logreg_early,1,dnam,0.628 +/- 0.015,0.626 +/- 0.016,0.627 +/- 0.015,0.258 +/- 0.028,3
TCGA-LGG,logreg_early,1,mirna,0.617 +/- 0.011,0.613 +/- 0.011,0.614 +/- 0.010,0.236 +/- 0.022,3
TCGA-LGG,logreg_early,1,mrna,0.676 +/- 0.011,0.676 +/- 0.010,0.677 +/- 0.010,0.354 +/- 0.021,3
TCGA-LGG,logreg_early,1,rppa,0.623 +/- 0.004,0.622 +/- 0.004,0.627 +/- 0.005,0.249 +/- 0.008,3
TCGA-LGG,logreg_early,2,dnam+cnv,0.652 +/- 0.015,0.650 +/- 0.015,0.651 +/- 0.016,0.304 +/- 0.030,3
TCGA-LGG,logreg_early,2,dnam+mirna,0.621 +/- 0.005,0.621 +/- 0.005,0.622 +/- 0.006,0.243 +/- 0.010,3
TCGA-LGG,logreg_early,2,dnam+rppa,0.632 +/- 0.016,0.631 +/- 0.016,0.632 +/- 0.016,0.265 +/- 0.032,3
TCGA-LGG,logreg_early,2,mirna+cnv,0.644 +/- 0.037,0.641 +/- 0.035,0.643 +/- 0.036,0.290 +/- 0.075,3
TCGA-LGG,logreg_early,2,mrna+cnv,0.666 +/- 0.020,0.665 +/- 0.019,0.667 +/- 0.019,0.333 +/- 0.039,3
TCGA-LGG,logreg_early,2,mrna+dnam,0.642 +/- 0.012,0.641 +/- 0.012,0.643 +/- 0.012,0.285 +/- 0.024,3
TCGA-LGG,logreg_early,2,mrna+mirna,0.655 +/- 0.011,0.653 +/- 0.012,0.654 +/- 0.011,0.310 +/- 0.021,3
TCGA-LGG,logreg_early,2,mrna+rppa,0.633 +/- 0.007,0.632 +/- 0.006,0.634 +/- 0.006,0.268 +/- 0.014,3
TCGA-LGG,logreg_early,2,rppa+cnv,0.638 +/- 0.017,0.637 +/- 0.017,0.638 +/- 0.017,0.276 +/- 0.033,3
TCGA-LGG,logreg_early,2,rppa+mirna,0.584 +/- 0.008,0.583 +/- 0.009,0.586 +/- 0.007,0.169 +/- 0.015,3
TCGA-LGG,logreg_early,3,dnam+mirna+cnv,0.635 +/- 0.008,0.635 +/- 0.007,0.636 +/- 0.008,0.272 +/- 0.016,3
TCGA-LGG,logreg_early,3,dnam+rppa+cnv,0.651 +/- 0.016,0.649 +/- 0.016,0.650 +/- 0.016,0.303 +/- 0.033,3
TCGA-LGG,logreg_early,3,dnam+rppa+mirna,0.619 +/- 0.023,0.618 +/- 0.023,0.619 +/- 0.022,0.238 +/- 0.045,3
TCGA-LGG,logreg_early,3,mrna+dnam+cnv,0.651 +/- 0.006,0.649 +/- 0.007,0.651 +/- 0.007,0.302 +/- 0.013,3
TCGA-LGG,logreg_early,3,mrna+dnam+mirna,0.644 +/- 0.023,0.643 +/- 0.023,0.645 +/- 0.023,0.289 +/- 0.047,3
TCGA-LGG,logreg_early,3,mrna+dnam+rppa,0.633 +/- 0.002,0.632 +/- 0.002,0.633 +/- 0.003,0.266 +/- 0.004,3
TCGA-LGG,logreg_early,3,mrna+mirna+cnv,0.660 +/- 0.021,0.659 +/- 0.021,0.660 +/- 0.021,0.320 +/- 0.043,3
TCGA-LGG,logreg_early,3,mrna+rppa+cnv,0.640 +/- 0.017,0.639 +/- 0.018,0.640 +/- 0.018,0.280 +/- 0.035,3
TCGA-LGG,logreg_early,3,mrna+rppa+mirna,0.656 +/- 0.036,0.655 +/- 0.037,0.658 +/- 0.036,0.315 +/- 0.073,3
TCGA-LGG,logreg_early,3,rppa+mirna+cnv,0.608 +/- 0.017,0.607 +/- 0.017,0.608 +/- 0.017,0.216 +/- 0.034,3
TCGA-LGG,logreg_early,4,dnam+rppa+mirna+cnv,0.642 +/- 0.020,0.641 +/- 0.020,0.643 +/- 0.020,0.285 +/- 0.039,3
TCGA-LGG,logreg_early,4,mrna+dnam+mirna+cnv,0.667 +/- 0.021,0.666 +/- 0.021,0.668 +/- 0.021,0.336 +/- 0.042,3
TCGA-LGG,logreg_early,4,mrna+dnam+rppa+cnv,0.632 +/- 0.017,0.631 +/- 0.017,0.632 +/- 0.017,0.265 +/- 0.034,3
TCGA-LGG,logreg_early,4,mrna+dnam+rppa+mirna,0.656 +/- 0.028,0.654 +/- 0.031,0.657 +/- 0.027,0.314 +/- 0.055,3
TCGA-LGG,logreg_early,4,mrna+rppa+mirna+cnv,0.634 +/- 0.032,0.632 +/- 0.031,0.635 +/- 0.030,0.270 +/- 0.064,3
TCGA-LGG,logreg_early,5,mrna+dnam+rppa+mirna+cnv,0.660 +/- 0.021,0.659 +/- 0.021,0.662 +/- 0.019,0.323 +/- 0.040,3
TCGA-LGG,logreg_late,1,cnv,0.612 +/- 0.010,0.596 +/- 0.007,0.603 +/- 0.009,0.238 +/- 0.025,3
TCGA-LGG,logreg_late,1,dnam,0.628 +/- 0.015,0.626 +/- 0.016,0.627 +/- 0.015,0.258 +/- 0.028,3
TCGA-LGG,logreg_late,1,mirna,0.586 +/- 0.005,0.585 +/- 0.006,0.589 +/- 0.006,0.173 +/- 0.011,3
TCGA-LGG,logreg_late,1,mrna,0.673 +/- 0.009,0.672 +/- 0.008,0.673 +/- 0.008,0.347 +/- 0.017,3
TCGA-LGG,logreg_late,1,rppa,0.617 +/- 0.006,0.616 +/- 0.006,0.620 +/- 0.006,0.236 +/- 0.012,3
TCGA-LGG,logreg_late,2,dnam+cnv,0.650 +/- 0.009,0.647 +/- 0.009,0.648 +/- 0.009,0.301 +/- 0.016,3
TCGA-LGG,logreg_late,2,dnam+mirna,0.651 +/- 0.018,0.648 +/- 0.019,0.650 +/- 0.018,0.304 +/- 0.034,3
TCGA-LGG,logreg_late,2,dnam+rppa,0.653 +/- 0.015,0.652 +/- 0.014,0.654 +/- 0.015,0.309 +/- 0.031,3
TCGA-LGG,logreg_late,2,mirna+cnv,0.651 +/- 0.013,0.647 +/- 0.012,0.648 +/- 0.012,0.304 +/- 0.026,3
TCGA-LGG,logreg_late,2,mrna+cnv,0.676 +/- 0.007,0.674 +/- 0.007,0.675 +/- 0.007,0.354 +/- 0.013,3
TCGA-LGG,logreg_late,2,mrna+dnam,0.673 +/- 0.016,0.671 +/- 0.017,0.672 +/- 0.017,0.348 +/- 0.031,3
TCGA-LGG,logreg_late,2,mrna+mirna,0.678 +/- 0.012,0.676 +/- 0.012,0.677 +/- 0.012,0.357 +/- 0.025,3
TCGA-LGG,logreg_late,2,mrna+rppa,0.679 +/- 0.011,0.677 +/- 0.011,0.678 +/- 0.012,0.359 +/- 0.022,3
TCGA-LGG,logreg_late,2,rppa+cnv,0.651 +/- 0.008,0.647 +/- 0.008,0.648 +/- 0.008,0.302 +/- 0.017,3
TCGA-LGG,logreg_late,2,rppa+mirna,0.631 +/- 0.019,0.629 +/- 0.019,0.631 +/- 0.018,0.262 +/- 0.037,3
TCGA-LGG,logreg_late,3,dnam+mirna+cnv,0.678 +/- 0.003,0.674 +/- 0.004,0.675 +/- 0.003,0.360 +/- 0.006,3
TCGA-LGG,logreg_late,3,dnam+rppa+cnv,0.689 +/- 0.011,0.685 +/- 0.012,0.686 +/- 0.011,0.381 +/- 0.020,3
TCGA-LGG,logreg_late,3,dnam+rppa+mirna,0.659 +/- 0.018,0.657 +/- 0.018,0.658 +/- 0.018,0.318 +/- 0.036,3
TCGA-LGG,logreg_late,3,mrna+dnam+cnv,0.694 +/- 0.010,0.691 +/- 0.010,0.691 +/- 0.010,0.389 +/- 0.019,3
TCGA-LGG,logreg_late,3,mrna+dnam+mirna,0.693 +/- 0.004,0.691 +/- 0.004,0.692 +/- 0.004,0.387 +/- 0.008,3
TCGA-LGG,logreg_late,3,mrna+dnam+rppa,0.677 +/- 0.011,0.674 +/- 0.011,0.675 +/- 0.011,0.356 +/- 0.023,3
TCGA-LGG,logreg_late,3,mrna+mirna+cnv,0.679 +/- 0.015,0.676 +/- 0.015,0.677 +/- 0.015,0.362 +/- 0.029,3
TCGA-LGG,logreg_late,3,mrna+rppa+cnv,0.677 +/- 0.025,0.675 +/- 0.025,0.675 +/- 0.025,0.356 +/- 0.049,3
TCGA-LGG,logreg_late,3,mrna+rppa+mirna,0.704 +/- 0.010,0.702 +/- 0.009,0.703 +/- 0.009,0.410 +/- 0.020,3
TCGA-LGG,logreg_late,3,rppa+mirna+cnv,0.654 +/- 0.011,0.650 +/- 0.010,0.651 +/- 0.010,0.309 +/- 0.022,3
TCGA-LGG,logreg_late,4,dnam+rppa+mirna+cnv,0.672 +/- 0.018,0.668 +/- 0.017,0.670 +/- 0.017,0.348 +/- 0.039,3
TCGA-LGG,logreg_late,4,mrna+dnam+mirna+cnv,0.689 +/- 0.010,0.687 +/- 0.010,0.687 +/- 0.010,0.379 +/- 0.021,3
TCGA-LGG,logreg_late,4,mrna+dnam+rppa+cnv,0.691 +/- 0.018,0.687 +/- 0.019,0.688 +/- 0.019,0.384 +/- 0.035,3
TCGA-LGG,logreg_late,4,mrna+dnam+rppa+mirna,0.705 +/- 0.008,0.703 +/- 0.008,0.705 +/- 0.008,0.412 +/- 0.016,3
TCGA-LGG,logreg_late,4,mrna+rppa+mirna+cnv,0.683 +/- 0.015,0.679 +/- 0.016,0.681 +/- 0.016,0.369 +/- 0.031,3
TCGA-LGG,logreg_late,5,mrna+dnam+rppa+mirna+cnv,0.682 +/- 0.012,0.679 +/- 0.012,0.680 +/- 0.012,0.367 +/- 0.023,3
TCGA-LGG,mofa,1,cnv,0.612 +/- 0.010,0.587 +/- 0.003,0.601 +/- 0.008,0.247 +/- 0.031,3
TCGA-LGG,mofa,1,dnam,0.597 +/- 0.027,0.588 +/- 0.023,0.593 +/- 0.025,0.204 +/- 0.058,3
TCGA-LGG,mofa,1,mirna,0.618 +/- 0.016,0.617 +/- 0.017,0.618 +/- 0.016,0.238 +/- 0.032,3
TCGA-LGG,mofa,1,mrna,0.580 +/- 0.008,0.578 +/- 0.008,0.580 +/- 0.010,0.162 +/- 0.018,3
TCGA-LGG,mofa,1,rppa,0.529 +/- 0.010,0.525 +/- 0.012,0.533 +/- 0.010,0.058 +/- 0.021,3
TCGA-LGG,mofa,2,dnam+cnv,0.634 +/- 0.014,0.621 +/- 0.013,0.627 +/- 0.011,0.281 +/- 0.029,3
TCGA-LGG,mofa,2,dnam+mirna,0.626 +/- 0.042,0.621 +/- 0.042,0.623 +/- 0.041,0.256 +/- 0.083,3
TCGA-LGG,mofa,2,dnam+rppa,0.623 +/- 0.020,0.617 +/- 0.020,0.619 +/- 0.020,0.251 +/- 0.038,3
TCGA-LGG,mofa,2,mirna+cnv,0.634 +/- 0.012,0.627 +/- 0.012,0.629 +/- 0.012,0.272 +/- 0.024,3
TCGA-LGG,mofa,2,mrna+cnv,0.643 +/- 0.007,0.636 +/- 0.004,0.638 +/- 0.005,0.293 +/- 0.018,3
TCGA-LGG,mofa,2,mrna+dnam,0.589 +/- 0.019,0.585 +/- 0.020,0.586 +/- 0.020,0.179 +/- 0.039,3
TCGA-LGG,mofa,2,mrna+mirna,0.614 +/- 0.017,0.610 +/- 0.018,0.612 +/- 0.016,0.232 +/- 0.034,3
TCGA-LGG,mofa,2,mrna+rppa,0.589 +/- 0.033,0.586 +/- 0.032,0.588 +/- 0.032,0.178 +/- 0.067,3
TCGA-LGG,mofa,2,rppa+cnv,0.628 +/- 0.011,0.621 +/- 0.013,0.623 +/- 0.012,0.261 +/- 0.020,3
TCGA-LGG,mofa,2,rppa+mirna,0.561 +/- 0.014,0.557 +/- 0.015,0.559 +/- 0.014,0.123 +/- 0.027,3
TCGA-LGG,mofa,3,dnam+mirna+cnv,0.672 +/- 0.014,0.665 +/- 0.016,0.667 +/- 0.015,0.349 +/- 0.025,3
TCGA-LGG,mofa,3,dnam+rppa+cnv,0.655 +/- 0.013,0.647 +/- 0.014,0.649 +/- 0.013,0.315 +/- 0.025,3
TCGA-LGG,mofa,3,dnam+rppa+mirna,0.643 +/- 0.025,0.638 +/- 0.025,0.640 +/- 0.025,0.288 +/- 0.050,3
TCGA-LGG,mofa,3,mrna+dnam+cnv,0.665 +/- 0.018,0.657 +/- 0.019,0.659 +/- 0.018,0.337 +/- 0.034,3
TCGA-LGG,mofa,3,mrna+dnam+mirna,0.631 +/- 0.090,0.628 +/- 0.088,0.629 +/- 0.089,0.264 +/- 0.183,3
TCGA-LGG,mofa,3,mrna+dnam+rppa,0.584 +/- 0.037,0.580 +/- 0.037,0.581 +/- 0.037,0.169 +/- 0.074,3
TCGA-LGG,mofa,3,mrna+mirna+cnv,0.684 +/- 0.013,0.677 +/- 0.015,0.680 +/- 0.013,0.376 +/- 0.024,3
TCGA-LGG,mofa,3,mrna+rppa+cnv,0.680 +/- 0.007,0.674 +/- 0.010,0.676 +/- 0.009,0.365 +/- 0.009,3
TCGA-LGG,mofa,3,mrna+rppa+mirna,0.634 +/- 0.024,0.630 +/- 0.025,0.631 +/- 0.025,0.271 +/- 0.046,3
TCGA-LGG,mofa,3,rppa+mirna+cnv,0.657 +/- 0.011,0.648 +/- 0.013,0.651 +/- 0.011,0.320 +/- 0.021,3
TCGA-LGG,mofa,4,dnam+rppa+mirna+cnv,0.673 +/- 0.008,0.664 +/- 0.008,0.667 +/- 0.008,0.354 +/- 0.018,3
TCGA-LGG,mofa,4,mrna+dnam+mirna+cnv,0.690 +/- 0.014,0.684 +/- 0.015,0.686 +/- 0.014,0.386 +/- 0.028,3
TCGA-LGG,mofa,4,mrna+dnam+rppa+cnv,0.680 +/- 0.006,0.674 +/- 0.007,0.675 +/- 0.007,0.363 +/- 0.012,3
TCGA-LGG,mofa,4,mrna+dnam+rppa+mirna,0.647 +/- 0.034,0.643 +/- 0.033,0.644 +/- 0.033,0.296 +/- 0.069,3
TCGA-LGG,mofa,4,mrna+rppa+mirna+cnv,0.693 +/- 0.004,0.688 +/- 0.004,0.689 +/- 0.004,0.390 +/- 0.009,3
TCGA-LGG,mofa,5,mrna+dnam+rppa+mirna+cnv,0.686 +/- 0.003,0.680 +/- 0.003,0.681 +/- 0.003,0.377 +/- 0.005,3
TCGA-LGG,pca_logreg,1,cnv,0.610 +/- 0.010,0.590 +/- 0.008,0.600 +/- 0.009,0.235 +/- 0.026,3
TCGA-LGG,pca_logreg,1,dnam,0.654 +/- 0.011,0.650 +/- 0.008,0.651 +/- 0.010,0.310 +/- 0.024,3
TCGA-LGG,pca_logreg,1,mirna,0.646 +/- 0.003,0.639 +/- 0.005,0.641 +/- 0.004,0.298 +/- 0.007,3
TCGA-LGG,pca_logreg,1,mrna,0.670 +/- 0.011,0.664 +/- 0.010,0.666 +/- 0.010,0.345 +/- 0.022,3
TCGA-LGG,pca_logreg,1,rppa,0.609 +/- 0.017,0.595 +/- 0.017,0.601 +/- 0.018,0.227 +/- 0.038,3
TCGA-LGG,pca_logreg,2,dnam+cnv,0.659 +/- 0.001,0.656 +/- 0.001,0.657 +/- 0.001,0.321 +/- 0.003,3
TCGA-LGG,pca_logreg,2,dnam+mirna,0.654 +/- 0.011,0.651 +/- 0.010,0.653 +/- 0.010,0.311 +/- 0.025,3
TCGA-LGG,pca_logreg,2,dnam+rppa,0.662 +/- 0.004,0.659 +/- 0.004,0.659 +/- 0.004,0.325 +/- 0.008,3
TCGA-LGG,pca_logreg,2,mirna+cnv,0.660 +/- 0.012,0.655 +/- 0.012,0.657 +/- 0.012,0.326 +/- 0.022,3
TCGA-LGG,pca_logreg,2,mrna+cnv,0.667 +/- 0.017,0.663 +/- 0.017,0.664 +/- 0.017,0.336 +/- 0.034,3
TCGA-LGG,pca_logreg,2,mrna+dnam,0.686 +/- 0.006,0.684 +/- 0.006,0.685 +/- 0.006,0.373 +/- 0.013,3
TCGA-LGG,pca_logreg,2,mrna+mirna,0.666 +/- 0.004,0.662 +/- 0.004,0.663 +/- 0.004,0.335 +/- 0.007,3
TCGA-LGG,pca_logreg,2,mrna+rppa,0.661 +/- 0.023,0.659 +/- 0.023,0.659 +/- 0.023,0.324 +/- 0.047,3
TCGA-LGG,pca_logreg,2,rppa+cnv,0.647 +/- 0.009,0.637 +/- 0.008,0.640 +/- 0.008,0.303 +/- 0.020,3
TCGA-LGG,pca_logreg,2,rppa+mirna,0.638 +/- 0.006,0.635 +/- 0.006,0.636 +/- 0.007,0.279 +/- 0.014,3
TCGA-LGG,pca_logreg,3,dnam+mirna+cnv,0.643 +/- 0.010,0.641 +/- 0.009,0.641 +/- 0.010,0.288 +/- 0.022,3
TCGA-LGG,pca_logreg,3,dnam+rppa+cnv,0.672 +/- 0.012,0.668 +/- 0.013,0.668 +/- 0.013,0.346 +/- 0.024,3
TCGA-LGG,pca_logreg,3,dnam+rppa+mirna,0.642 +/- 0.006,0.639 +/- 0.006,0.640 +/- 0.007,0.284 +/- 0.012,3
TCGA-LGG,pca_logreg,3,mrna+dnam+cnv,0.668 +/- 0.015,0.666 +/- 0.015,0.667 +/- 0.015,0.338 +/- 0.029,3
TCGA-LGG,pca_logreg,3,mrna+dnam+mirna,0.645 +/- 0.011,0.643 +/- 0.010,0.645 +/- 0.011,0.293 +/- 0.024,3
TCGA-LGG,pca_logreg,3,mrna+dnam+rppa,0.659 +/- 0.021,0.656 +/- 0.021,0.657 +/- 0.021,0.320 +/- 0.043,3
TCGA-LGG,pca_logreg,3,mrna+mirna+cnv,0.672 +/- 0.010,0.670 +/- 0.010,0.671 +/- 0.010,0.346 +/- 0.018,3
TCGA-LGG,pca_logreg,3,mrna+rppa+cnv,0.657 +/- 0.003,0.653 +/- 0.004,0.654 +/- 0.004,0.316 +/- 0.004,3
TCGA-LGG,pca_logreg,3,mrna+rppa+mirna,0.665 +/- 0.013,0.663 +/- 0.013,0.664 +/- 0.013,0.331 +/- 0.027,3
TCGA-LGG,pca_logreg,3,rppa+mirna+cnv,0.639 +/- 0.013,0.634 +/- 0.013,0.635 +/- 0.013,0.279 +/- 0.026,3
TCGA-LGG,pca_logreg,4,dnam+rppa+mirna+cnv,0.651 +/- 0.014,0.648 +/- 0.016,0.649 +/- 0.015,0.305 +/- 0.028,3
TCGA-LGG,pca_logreg,4,mrna+dnam+mirna+cnv,0.653 +/- 0.021,0.652 +/- 0.021,0.654 +/- 0.021,0.307 +/- 0.043,3
TCGA-LGG,pca_logreg,4,mrna+dnam+rppa+cnv,0.660 +/- 0.005,0.657 +/- 0.005,0.658 +/- 0.005,0.322 +/- 0.011,3
TCGA-LGG,pca_logreg,4,mrna+dnam+rppa+mirna,0.662 +/- 0.016,0.660 +/- 0.016,0.661 +/- 0.016,0.325 +/- 0.032,3
TCGA-LGG,pca_logreg,4,mrna+rppa+mirna+cnv,0.650 +/- 0.003,0.647 +/- 0.002,0.648 +/- 0.003,0.304 +/- 0.006,3
TCGA-LGG,pca_logreg,5,mrna+dnam+rppa+mirna+cnv,0.660 +/- 0.012,0.657 +/- 0.012,0.659 +/- 0.011,0.323 +/- 0.023,3
TCGA-LGG,pnet,1,cnv,0.544 +/- 0.008,0.511 +/- 0.024,0.556 +/- 0.006,0.093 +/- 0.020,3
TCGA-LGG,pnet,1,dnam,0.644 +/- 0.018,0.640 +/- 0.020,0.642 +/- 0.019,0.290 +/- 0.034,3
TCGA-LGG,pnet,1,mirna,0.618 +/- 0.008,0.615 +/- 0.010,0.617 +/- 0.009,0.237 +/- 0.013,3
TCGA-LGG,pnet,1,mrna,0.688 +/- 0.004,0.686 +/- 0.005,0.687 +/- 0.004,0.378 +/- 0.008,3
TCGA-LGG,pnet,1,rppa,0.619 +/- 0.005,0.617 +/- 0.005,0.621 +/- 0.006,0.241 +/- 0.011,3
TCGA-LGG,pnet,2,dnam+cnv,0.637 +/- 0.011,0.635 +/- 0.012,0.636 +/- 0.012,0.275 +/- 0.021,3
TCGA-LGG,pnet,2,dnam+mirna,0.663 +/- 0.010,0.654 +/- 0.011,0.658 +/- 0.009,0.336 +/- 0.021,3
TCGA-LGG,pnet,2,dnam+rppa,0.659 +/- 0.014,0.654 +/- 0.011,0.656 +/- 0.012,0.322 +/- 0.029,3
TCGA-LGG,pnet,2,mirna+cnv,0.636 +/- 0.027,0.633 +/- 0.027,0.635 +/- 0.028,0.275 +/- 0.054,3
TCGA-LGG,pnet,2,mrna+cnv,0.671 +/- 0.013,0.668 +/- 0.013,0.669 +/- 0.013,0.342 +/- 0.027,3
TCGA-LGG,pnet,2,mrna+dnam,0.703 +/- 0.016,0.701 +/- 0.017,0.702 +/- 0.017,0.407 +/- 0.031,3
TCGA-LGG,pnet,2,mrna+mirna,0.691 +/- 0.002,0.689 +/- 0.003,0.691 +/- 0.003,0.386 +/- 0.003,3
TCGA-LGG,pnet,2,mrna+rppa,0.687 +/- 0.007,0.686 +/- 0.007,0.686 +/- 0.007,0.375 +/- 0.014,3
TCGA-LGG,pnet,2,rppa+cnv,0.645 +/- 0.014,0.641 +/- 0.013,0.643 +/- 0.012,0.292 +/- 0.028,3
TCGA-LGG,pnet,2,rppa+mirna,0.632 +/- 0.011,0.628 +/- 0.013,0.630 +/- 0.012,0.267 +/- 0.022,3
TCGA-LGG,pnet,3,dnam+mirna+cnv,0.643 +/- 0.010,0.638 +/- 0.012,0.640 +/- 0.010,0.290 +/- 0.019,3
TCGA-LGG,pnet,3,dnam+rppa+cnv,0.659 +/- 0.016,0.656 +/- 0.017,0.658 +/- 0.016,0.320 +/- 0.031,3
TCGA-LGG,pnet,3,dnam+rppa+mirna,0.659 +/- 0.019,0.657 +/- 0.018,0.659 +/- 0.018,0.319 +/- 0.038,3
TCGA-LGG,pnet,3,mrna+dnam+cnv,0.691 +/- 0.020,0.689 +/- 0.020,0.690 +/- 0.020,0.383 +/- 0.039,3
TCGA-LGG,pnet,3,mrna+dnam+mirna,0.675 +/- 0.010,0.668 +/- 0.011,0.671 +/- 0.010,0.356 +/- 0.019,3
TCGA-LGG,pnet,3,mrna+dnam+rppa,0.693 +/- 0.004,0.689 +/- 0.006,0.690 +/- 0.005,0.389 +/- 0.005,3
TCGA-LGG,pnet,3,mrna+mirna+cnv,0.692 +/- 0.011,0.689 +/- 0.012,0.690 +/- 0.011,0.385 +/- 0.023,3
TCGA-LGG,pnet,3,mrna+rppa+cnv,0.692 +/- 0.015,0.689 +/- 0.015,0.690 +/- 0.015,0.386 +/- 0.029,3
TCGA-LGG,pnet,3,mrna+rppa+mirna,0.677 +/- 0.011,0.674 +/- 0.012,0.676 +/- 0.012,0.356 +/- 0.022,3
TCGA-LGG,pnet,3,rppa+mirna+cnv,0.642 +/- 0.013,0.639 +/- 0.013,0.640 +/- 0.013,0.286 +/- 0.026,3
TCGA-LGG,pnet,4,dnam+rppa+mirna+cnv,0.653 +/- 0.014,0.649 +/- 0.014,0.650 +/- 0.014,0.309 +/- 0.029,3
TCGA-LGG,pnet,4,mrna+dnam+mirna+cnv,0.694 +/- 0.006,0.690 +/- 0.005,0.692 +/- 0.004,0.390 +/- 0.012,3
TCGA-LGG,pnet,4,mrna+dnam+rppa+cnv,0.697 +/- 0.005,0.693 +/- 0.004,0.694 +/- 0.005,0.396 +/- 0.011,3
TCGA-LGG,pnet,4,mrna+dnam+rppa+mirna,0.682 +/- 0.008,0.677 +/- 0.008,0.679 +/- 0.009,0.369 +/- 0.018,3
TCGA-LGG,pnet,4,mrna+rppa+mirna+cnv,0.688 +/- 0.006,0.686 +/- 0.006,0.686 +/- 0.006,0.378 +/- 0.013,3
TCGA-LGG,pnet,5,mrna+dnam+rppa+mirna+cnv,0.687 +/- 0.006,0.684 +/- 0.007,0.685 +/- 0.007,0.376 +/- 0.012,3
TCGA-LGG,svm_early,1,cnv,0.613 +/- 0.006,0.582 +/- 0.008,0.600 +/- 0.006,0.251 +/- 0.017,3
TCGA-LGG,svm_early,1,dnam,0.673 +/- 0.012,0.667 +/- 0.010,0.669 +/- 0.011,0.352 +/- 0.024,3
TCGA-LGG,svm_early,1,mirna,0.667 +/- 0.008,0.659 +/- 0.011,0.662 +/- 0.009,0.340 +/- 0.014,3
TCGA-LGG,svm_early,1,mrna,0.684 +/- 0.020,0.677 +/- 0.020,0.679 +/- 0.020,0.373 +/- 0.042,3
TCGA-LGG,svm_early,1,rppa,0.606 +/- 0.004,0.600 +/- 0.009,0.604 +/- 0.006,0.216 +/- 0.003,3
TCGA-LGG,svm_early,2,dnam+cnv,0.666 +/- 0.004,0.657 +/- 0.002,0.660 +/- 0.003,0.339 +/- 0.011,3
TCGA-LGG,svm_early,2,dnam+mirna,0.663 +/- 0.006,0.659 +/- 0.005,0.660 +/- 0.005,0.329 +/- 0.015,3
TCGA-LGG,svm_early,2,dnam+rppa,0.668 +/- 0.011,0.662 +/- 0.013,0.664 +/- 0.012,0.340 +/- 0.018,3
TCGA-LGG,svm_early,2,mirna+cnv,0.650 +/- 0.008,0.643 +/- 0.007,0.645 +/- 0.008,0.307 +/- 0.018,3
TCGA-LGG,svm_early,2,mrna+cnv,0.684 +/- 0.020,0.678 +/- 0.020,0.679 +/- 0.020,0.375 +/- 0.042,3
TCGA-LGG,svm_early,2,mrna+dnam,0.694 +/- 0.016,0.689 +/- 0.018,0.691 +/- 0.017,0.391 +/- 0.031,3
TCGA-LGG,svm_early,2,mrna+mirna,0.685 +/- 0.009,0.681 +/- 0.009,0.682 +/- 0.008,0.373 +/- 0.017,3
TCGA-LGG,svm_early,2,mrna+rppa,0.683 +/- 0.006,0.677 +/- 0.006,0.678 +/- 0.006,0.370 +/- 0.013,3
TCGA-LGG,svm_early,2,rppa+cnv,0.650 +/- 0.011,0.638 +/- 0.010,0.643 +/- 0.010,0.313 +/- 0.024,3
TCGA-LGG,svm_early,2,rppa+mirna,0.652 +/- 0.007,0.646 +/- 0.006,0.648 +/- 0.008,0.309 +/- 0.017,3
TCGA-LGG,svm_early,3,dnam+mirna+cnv,0.654 +/- 0.011,0.650 +/- 0.012,0.651 +/- 0.011,0.312 +/- 0.021,3
TCGA-LGG,svm_early,3,dnam+rppa+cnv,0.676 +/- 0.018,0.670 +/- 0.017,0.671 +/- 0.018,0.356 +/- 0.038,3
TCGA-LGG,svm_early,3,dnam+rppa+mirna,0.651 +/- 0.018,0.648 +/- 0.019,0.649 +/- 0.019,0.303 +/- 0.037,3
TCGA-LGG,svm_early,3,mrna+dnam+cnv,0.694 +/- 0.010,0.689 +/- 0.010,0.690 +/- 0.010,0.391 +/- 0.020,3
TCGA-LGG,svm_early,3,mrna+dnam+mirna,0.693 +/- 0.005,0.689 +/- 0.005,0.691 +/- 0.005,0.388 +/- 0.011,3
TCGA-LGG,svm_early,3,mrna+dnam+rppa,0.682 +/- 0.006,0.678 +/- 0.007,0.679 +/- 0.007,0.366 +/- 0.012,3
TCGA-LGG,svm_early,3,mrna+mirna+cnv,0.687 +/- 0.006,0.683 +/- 0.005,0.684 +/- 0.005,0.379 +/- 0.011,3
TCGA-LGG,svm_early,3,mrna+rppa+cnv,0.685 +/- 0.009,0.679 +/- 0.010,0.681 +/- 0.009,0.375 +/- 0.018,3
TCGA-LGG,svm_early,3,mrna+rppa+mirna,0.693 +/- 0.005,0.689 +/- 0.006,0.690 +/- 0.005,0.391 +/- 0.009,3
TCGA-LGG,svm_early,3,rppa+mirna+cnv,0.649 +/- 0.011,0.642 +/- 0.010,0.644 +/- 0.010,0.302 +/- 0.022,3
TCGA-LGG,svm_early,4,dnam+rppa+mirna+cnv,0.661 +/- 0.019,0.657 +/- 0.020,0.659 +/- 0.019,0.326 +/- 0.038,3
TCGA-LGG,svm_early,4,mrna+dnam+mirna+cnv,0.685 +/- 0.006,0.682 +/- 0.006,0.683 +/- 0.006,0.372 +/- 0.011,3
TCGA-LGG,svm_early,4,mrna+dnam+rppa+cnv,0.682 +/- 0.014,0.678 +/- 0.014,0.679 +/- 0.014,0.367 +/- 0.027,3
TCGA-LGG,svm_early,4,mrna+dnam+rppa+mirna,0.687 +/- 0.006,0.684 +/- 0.007,0.686 +/- 0.006,0.377 +/- 0.009,3
TCGA-LGG,svm_early,4,mrna+rppa+mirna+cnv,0.685 +/- 0.009,0.681 +/- 0.008,0.682 +/- 0.008,0.374 +/- 0.021,3
TCGA-LGG,svm_early,5,mrna+dnam+rppa+mirna+cnv,0.689 +/- 0.010,0.686 +/- 0.010,0.687 +/- 0.010,0.381 +/- 0.021,3
